"generator_index","generator_sample_index","n","gen_fn","bic_a0","nknots_a0","mse_a0","mse_a0_uniform_x","bic_a1","nknots_a1","mse_a1","mse_a1_uniform_x","bic_diff","mse_diff","mse_diff_uniform_x","nknots_diff"
"1","1",200,"runge-translated",-328.007632470906,2,0.0016328741580065,0.00940538232264773,-345.721324782184,3,0.000299948051923184,0.000918833847312035,17.7136923112774,0.00133292610608332,0.0084865484753357,-1
"1","1",200,"runge-translated",-310.899524242636,4,0.00191809320091937,0.0036089869063395,-331.890567042813,4,0.00105426958243327,0.00224913382220411,20.9910428001769,0.000863823618486094,0.00135985308413539,0
"1","1",200,"runge-translated",-323.608617165249,2,0.00156277405328918,0.00727141355435569,-348.587649611968,3,0.000376288305410857,0.00220829643896965,24.9790324467182,0.00118648574787832,0.00506311711538604,-1
"1","1",200,"runge-translated",-294.365241289634,4,0.00219561648338561,0.0122667439073579,-322.993730093327,3,0.000662812803114193,0.00391820822546637,28.6284888036931,0.00153280368027142,0.0083485356818915,1
"1","1",200,"runge-translated",-263.632778645346,4,0.00361198869970627,0.023933921153261,-303.108401006061,3,0.00101490588318771,0.00850142528649313,39.4756223607147,0.00259708281651856,0.0154324958667678,1
"1","1",200,"runge-translated",-316.956692015548,2,0.000814741180610288,0.00252685187172473,-313.938289230158,3,0.00048594669449271,0.00178407026124392,-3.01840278538941,0.000328794486117579,0.000742781610480802,-1
"1","1",200,"runge-translated",-283.874858059272,2,0.00171624302243399,0.011870727798932,-316.238064569487,3,0.000379356629021419,0.000750816449838423,32.363206510215,0.00133688639341257,0.0111199113490936,-1
"1","1",200,"runge-translated",-314.247536399783,2,0.00195528022953727,0.00734172649180439,-336.436028934846,3,0.000630210725681747,0.00196597253616574,22.1884925350632,0.00132506950385552,0.00537575395563865,-1
"1","1",200,"runge-translated",-355.9653389622,2,0.00133431991049768,0.00628755729521324,-373.668413474825,3,0.000577125265415642,0.00318179634093373,17.7030745126247,0.000757194645082035,0.00310576095427951,-1
"1","1",200,"runge-translated",-347.97669809008,2,0.000995708805831466,0.00201902206361971,-359.079222389661,3,0.000686806118146265,0.00141746203343771,11.1025242995813,0.000308902687685201,0.000601560030182007,-1
"1","1",200,"runge-translated",-269.576676554306,4,0.00223320760857244,0.0272395835997424,-301.486734733258,3,0.000463933444646115,0.0068329975087834,31.9100581789519,0.00176927416392633,0.020406586090959,1
"1","1",200,"runge-translated",-329.006884730717,2,0.000525666894539093,0.00158093897320818,-335.489771117279,3,0.000496449654843452,0.00113904850109886,6.48288638656197,2.92172396956413e-05,0.000441890472109321,-1
"1","1",200,"runge-translated",-273.880009818619,2,0.00176843384254143,0.00531801701065121,-299.07493308402,3,0.000384311199689446,0.00111166471930928,25.1949232654011,0.00138412264285198,0.00420635229134192,-1
"1","1",200,"runge-translated",-341.166173827532,2,0.00158942263954774,0.008795906465827,-347.837346077325,3,0.0010038074001656,0.00526684434863332,6.67117224979279,0.00058561523938214,0.00352906211719368,-1
"1","1",200,"runge-translated",-317.970633738335,2,0.00288715583344383,0.013714142852339,-390.885551847051,3,0.000550850920886899,0.000840421796390038,72.914918108717,0.00233630491255693,0.012873721055949,-1
"1","1",200,"runge-translated",-314.427454361151,4,0.00143096376625993,0.00384316920192964,-332.025212598356,3,0.00052625462298426,0.00274879585918919,17.5977582372047,0.000904709143275668,0.00109437334274045,1
"1","1",200,"runge-translated",-308.449460374791,2,0.00211997708519279,0.0109136687878866,-328.350899536465,3,0.000541519964648751,0.00262609917180692,19.9014391616743,0.00157845712054403,0.00828756961607964,-1
"1","1",200,"runge-translated",-307.432740924704,2,0.00119518645110058,0.00738992730603762,-314.053223222011,3,0.000422532486661622,0.00350606710244167,6.62048229730675,0.000772653964438959,0.00388386020359594,-1
"1","1",200,"runge-translated",-300.891124705259,4,0.0011130622063335,0.0044866678529128,-332.959652798446,3,0.000128077918680958,0.000472847753775796,32.0685280931866,0.000984984287652546,0.004013820099137,1
"1","1",200,"runge-translated",-287.641681442133,4,0.00240521192945256,0.00630674039059719,-333.351316770633,3,0.000561086528093633,0.000780154728944618,45.7096353285007,0.00184412540135893,0.00552658566165257,1
"1","1",200,"runge-translated",-230.842467296481,4,0.00326031044827572,0.0162544048309247,-281.442512119531,3,0.000466611687912247,0.00190507190972206,50.6000448230495,0.00279369876036348,0.0143493329212027,1
"1","1",200,"runge-translated",-283.702099364144,4,0.00250380457332888,0.0096016690326875,-327.537058073026,3,0.0004306778619642,0.00121781914391704,43.8349587088824,0.00207312671136468,0.00838384988877046,1
"1","1",200,"runge-translated",-339.322421260278,2,0.000459466607422721,0.000911535940799064,-339.322421260278,2,0.000459466607422721,0.000911535940799064,0,0,0,0
"1","1",200,"runge-translated",-313.2752290574,2,0.00104969406775169,0.00819627392544017,-318.483317296241,3,0.000534096158783345,0.00261553476042392,5.20808823884101,0.000515597908968344,0.00558073916501625,-1
"1","1",200,"runge-translated",-281.187106835797,2,0.00202303376224407,0.00936722249795677,-325.526359818916,3,0.000816767542502534,0.000875791526240707,44.3392529831189,0.00120626621974154,0.00849143097171606,-1
"1","1",200,"runge-translated",-308.122979169584,2,0.000865854078245065,0.00385823393313236,-311.460060526894,2,0.000890443578469673,0.00368416261010526,3.33708135731047,-2.45895002246073e-05,0.0001740713230271,0
"1","1",200,"runge-translated",-309.294046295347,2,0.000634799114640101,0.00198032315709945,-316.900878916987,3,0.000186248474613603,0.000347338325120657,7.60683262164042,0.000448550640026499,0.00163298483197879,-1
"1","1",200,"runge-translated",-289.609834646977,2,0.00121541774718361,0.0073339832424216,-300.252715428448,3,0.000301033524712479,0.00128535014844579,10.6428807814712,0.000914384222471136,0.00604863309397581,-1
"1","1",200,"runge-translated",-253.427244397145,4,0.00372442071784577,0.0196774891437469,-325.465219364368,3,0.000212777854715781,0.000388691890431333,72.0379749672234,0.00351164286312999,0.0192887972533155,1
"1","1",200,"runge-translated",-283.699062962642,4,0.00189381321740735,0.00669999423432931,-318.073240587009,3,0.000231286997814518,0.00170209666904129,34.3741776243673,0.00166252621959283,0.00499789756528803,1
"1","1",200,"runge-translated",-316.916027809159,2,0.00183313504001996,0.0123366829929049,-346.659455803533,3,0.000460675496128842,0.00192606478625113,29.7434279943743,0.00137245954389111,0.0104106182066538,-1
"1","1",200,"runge-translated",-290.358031059992,4,0.00194354338427335,0.00347072512531789,-310.242248201264,3,0.000905183976183689,0.00129713899653,19.8842171412729,0.00103835940808966,0.00217358612878789,1
"1","1",200,"runge-translated",-276.170321992855,4,0.00410663404484822,0.0155709376302297,-352.77457761885,3,0.000567596925500337,0.00147970234022785,76.6042556259952,0.00353903711934789,0.0140912352900018,1
"1","1",200,"runge-translated",-335.808771131518,2,0.0012266899791294,0.00661040028944289,-352.703815834871,3,0.000480210548366259,0.00184454229998681,16.8950447033534,0.00074647943076314,0.00476585798945608,-1
"1","1",200,"runge-translated",-348.992438373165,4,0.00240428374002582,0.0154493783018213,-374.096377135976,3,0.000633952812038689,0.00543975735077038,25.1039387628115,0.00177033092798713,0.0100096209510509,1
"1","1",200,"runge-translated",-285.658381818682,4,0.00472115072029545,0.0175123698277768,-366.610195558607,3,0.000311015356733436,0.00330097349448519,80.9518137399252,0.00441013536356202,0.0142113963332916,1
"1","1",200,"runge-translated",-251.937366441275,4,0.00548282699306422,0.0776841108210572,-359.723135851679,3,0.000720054168254699,0.00705582732559866,107.785769410404,0.00476277282480952,0.0706282834954586,1
"1","1",200,"runge-translated",-310.388609131957,2,0.000338152600292257,0.00153780211442262,-312.91831608034,4,0.000817919746231743,0.00220674906962012,2.52970694838211,-0.000479767145939486,-0.000668946955197499,-2
"1","1",200,"runge-translated",-310.906141925033,2,0.00202428142481972,0.0179107617764866,-344.083097218593,3,0.000819269310828294,0.00322984362147162,33.1769552935602,0.00120501211399143,0.014680918155015,-1
"1","1",200,"runge-translated",-294.781932539242,2,0.000986376116805514,0.00367211022590039,-300.124826221516,3,0.000757993914231728,0.00143988186653822,5.34289368227343,0.000228382202573786,0.00223222835936217,-1
"1","1",200,"runge-translated",-251.265140343265,4,0.00197935931293645,0.00450540332906681,-303.536082032385,3,0.000736246895472598,0.00159248455978966,52.2709416891195,0.00124311241746385,0.00291291876927715,1
"1","1",200,"runge-translated",-303.12973137591,4,0.00127071828000713,0.00400153161076352,-337.808465914046,3,0.000511379013512496,0.00126732341412496,34.6787345381358,0.00075933926649463,0.00273420819663856,1
"1","1",200,"runge-translated",-298.367839500715,4,0.00163544872621674,0.0050504664895942,-318.180092704775,3,0.000472622844716984,0.00130683830893257,19.8122532040599,0.00116282588149976,0.00374362818066163,1
"1","1",200,"runge-translated",-365.802902008597,2,0.000751455036684677,0.00273129242840953,-365.802902008597,2,0.00075145503668468,0.00273129242840953,0,-3.57786716920216e-18,6.93889390390723e-18,0
"1","1",200,"runge-translated",-319.291713366272,1,0.00346167715216644,0.00741301059997582,-334.028894687008,4,0.00127710120355137,0.00240597693647873,14.7371813207365,0.00218457594861506,0.00500703366349709,-3
"1","1",200,"runge-translated",-308.4416168007,4,0.00364238308955889,0.00997549326188493,-363.55395524791,3,0.00064224372529604,0.00150925515741695,55.11233844721,0.00300013936426285,0.00846623810446798,1
"1","1",200,"runge-translated",-282.850771637955,4,0.0021379315007682,0.003845139468709,-318.864180102941,3,0.00067296939365386,0.000844654281205301,36.0134084649862,0.00146496210711434,0.0030004851875037,1
"1","1",200,"runge-translated",-318.057723982727,2,0.00166488329745095,0.00769423797122783,-327.909889891879,3,0.000732429143593455,0.00128936561914072,9.85216590915195,0.000932454153857499,0.00640487235208711,-1
"1","1",200,"runge-translated",-310.16893493013,2,0.000394047806863943,0.000824107853015159,-310.16893493013,2,0.000394047806863941,0.000824107853015161,0,2.71050543121376e-18,-1.62630325872826e-18,0
"1","1",200,"runge-translated",-328.457196402577,4,0.0011481401884658,0.00442580408296411,-345.125911758893,3,0.000631375665051089,0.00262920333519722,16.6687153563166,0.000516764523414714,0.00179660074776688,1
"1","1",200,"runge-translated",-312.80670088739,4,0.00135006383959634,0.00504981439066112,-332.785982932188,3,0.000672049683720176,0.00190683591512471,19.9792820447976,0.000678014155876159,0.00314297847553641,1
"1","1",200,"runge-translated",-338.814805973289,4,0.00100670905466948,0.0024515452753862,-366.584906377822,3,0.000205907800021941,0.000508484836607281,27.7701004045337,0.000800801254647538,0.00194306043877892,1
"1","1",200,"runge-translated",-265.617636908665,4,0.0016893731888286,0.00959325893374072,-306.501405270029,3,0.000342401469744347,0.00108128221543665,40.8837683613644,0.00134697171908426,0.00851197671830407,1
"1","1",200,"runge-translated",-231.561244566372,4,0.00409377525587809,0.0150436563764313,-299.048415242309,3,0.000244577269644497,0.000491930875145213,67.4871706759364,0.00384919798623359,0.0145517255012861,1
"1","1",200,"runge-translated",-305.061319162587,3,0.00264704429465714,0.00544595251479489,-342.275638520261,3,0.000586602660925456,0.000808248033541586,37.214319357674,0.00206044163373168,0.00463770448125331,0
"1","1",200,"runge-translated",-302.762908973332,2,0.000496547137214974,0.00102427236658525,-303.010083084742,3,0.000481930110956834,0.000896180162422956,0.247174111409663,1.46170262581401e-05,0.000128092204162298,-1
"1","1",200,"runge-translated",-349.861628083897,2,0.000576244757998605,0.00113279417109151,-357.488717070575,3,0.000405775338099497,0.000926699364723543,7.62708898667813,0.000170469419899108,0.000206094806367964,-1
"1","1",200,"runge-translated",-306.205251451214,3,0.00115111197857552,0.00396040738785297,-307.895068846497,3,0.00121391236156063,0.00395648326251936,1.68981739528328,-6.28003829851111e-05,3.92412533360351e-06,0
"1","1",200,"runge-translated",-297.272670732414,4,0.00189378003473025,0.00866977424624792,-332.946700096748,3,0.00057604751063553,0.00232978017619429,35.6740293643344,0.00131773252409471,0.00633999407005363,1
"1","1",200,"runge-translated",-312.433034760384,4,0.00236634003811063,0.0183893126175932,-341.490734300848,3,0.000743588837352021,0.0087635594182703,29.0576995404645,0.0016227512007586,0.00962575319932295,1
"1","1",200,"runge-translated",-313.437883928834,2,0.00125398707780647,0.00652693434130768,-338.992685644916,3,0.000276949644263264,0.0005582628713731,25.5548017160817,0.000977037433543208,0.00596867146993458,-1
"1","1",200,"runge-translated",-340.637039853652,2,0.000421064844423735,0.000922301714184814,-341.95345377635,2,0.00046910003900806,0.000946902627071756,1.31641392269773,-4.80351945843258e-05,-2.46009128869427e-05,0
"1","1",200,"runge-translated",-287.509160440775,4,0.00266975981356263,0.00950709063145716,-340.449257318271,3,0.000685915240037084,0.0021512476701855,52.9400968774963,0.00198384457352555,0.00735584296127166,1
"1","1",200,"runge-translated",-266.586240741077,4,0.00244670114576275,0.0199146039741974,-303.002325785955,4,0.00113024270533975,0.00658476681028514,36.4160850448776,0.001316458440423,0.0133298371639123,0
"1","1",200,"runge-translated",-329.804977632069,2,0.00154941048608622,0.00697352715048035,-345.148814626313,3,0.000345252819388477,0.00109905151394989,15.3438369942436,0.00120415766669774,0.00587447563653046,-1
"1","1",200,"runge-translated",-266.078037280591,4,0.00312201299903912,0.0221677005434268,-345.604899992433,3,0.000710060691351511,0.00385787642413388,79.5268627118421,0.00241195230768761,0.018309824119293,1
"1","1",200,"runge-translated",-236.4365731588,4,0.00424902932999296,0.0145469471945767,-282.12771142504,4,0.00067701965829223,0.00155147194460101,45.6911382662402,0.00357200967170073,0.0129954752499757,0
"1","1",200,"runge-translated",-296.945216536949,2,0.000711709322879176,0.00165026359124449,-298.887286975976,2,0.000775195344315569,0.00232723131775857,1.94207043902748,-6.3486021436393e-05,-0.000676967726514078,0
"1","1",200,"runge-translated",-287.66585981332,4,0.00252196849416169,0.0142812054861699,-310.668884984344,3,0.000776304519967396,0.00602278667122536,23.0030251710236,0.0017456639741943,0.00825841881494457,1
"1","1",200,"runge-translated",-318.496599863329,2,0.00228509118578742,0.0106645902580111,-339.366540757689,3,0.000562541093723233,0.0023424843760222,20.8699408943597,0.00172255009206419,0.00832210588198886,-1
"1","1",200,"runge-translated",-307.529786402072,2,0.000848625951911745,0.00602037289535183,-316.673157162928,3,0.000559929188024901,0.00146729340798143,9.14337076085667,0.000288696763886844,0.0045530794873704,-1
"1","1",200,"runge-translated",-300.361315245098,2,0.000706017727034162,0.0020262913398132,-305.65307766772,3,0.000174058583094712,0.000483604901836015,5.2917624226215,0.000531959143939451,0.00154268643797719,-1
"1","1",200,"runge-translated",-294.730036192409,4,0.00245835116181854,0.012508509019832,-328.795500368719,3,0.000712468610383527,0.00589280287626764,34.06546417631,0.00174588255143502,0.00661570614356437,1
"1","1",200,"runge-translated",-267.36535430514,4,0.00224547852868567,0.00814814393180785,-309.759584555707,3,0.000573117080901045,0.00125789219059496,42.3942302505666,0.00167236144778462,0.00689025174121289,1
"1","1",200,"runge-translated",-340.55649214798,2,0.000560486881123713,0.00208752700797789,-340.55649214798,2,0.000560486881123714,0.00208752700797792,0,-8.67361737988404e-19,-2.51534904016637e-17,0
"1","1",200,"runge-translated",-273.559040296109,4,0.00341142273534202,0.0109429242500845,-308.773151504829,3,0.000752882098606716,0.0017854286058845,35.2141112087208,0.0026585406367353,0.00915749564420003,1
"1","1",200,"runge-translated",-320.747293563254,2,0.00100039401847163,0.00509130861177855,-330.698182351112,3,0.000380081298055997,0.00175899884873492,9.95088878785816,0.000620312720415635,0.00333230976304364,-1
"1","1",200,"runge-translated",-270.046018781555,4,0.00157190242134855,0.00787983519258668,-320.371263547372,3,0.000385377005142277,0.000929126161621254,50.3252447658165,0.00118652541620627,0.00695070903096543,1
"1","1",200,"runge-translated",-291.831252861319,4,0.00147130881232367,0.00317430229632306,-320.239873345124,3,0.000327229811282986,0.000543061816795524,28.4086204838051,0.00114407900104069,0.00263124047952753,1
"1","1",200,"runge-translated",-271.942110275398,2,0.00367073713119862,0.0252766407071924,-304.736099231332,3,0.00083906027382136,0.00745849694978613,32.793988955934,0.00283167685737726,0.0178181437574063,-1
"1","1",200,"runge-translated",-331.315823012584,2,0.000767738655744275,0.0024377320528202,-334.595748425535,3,0.000433594332290303,0.00124952662853386,3.27992541295151,0.000334144323453972,0.00118820542428634,-1
"1","1",200,"runge-translated",-291.263581192731,2,0.00100417951310335,0.00410286376208571,-326.572142882027,3,0.000343070993671464,0.00272785387839711,35.3085616892955,0.000661108519431882,0.0013750098836886,-1
"1","1",200,"runge-translated",-264.106265531841,4,0.00412052781956868,0.014442921178236,-328.693057378951,3,0.00041435536494462,0.00279612561068712,64.5867918471096,0.00370617245462406,0.0116467955675489,1
"1","1",200,"runge-translated",-316.7094735378,3,0.000459110343003563,0.00198018270537388,-321.971703936632,2,0.000438377507392213,0.00191322911587313,5.26223039883223,2.07328356113507e-05,6.69535895007484e-05,1
"1","1",200,"runge-translated",-293.515790311094,4,0.00198743061047466,0.00604937143723159,-331.069930981877,3,0.000263692120250938,0.00171821095780408,37.554140670783,0.00172373849022373,0.00433116047942751,1
"1","1",200,"runge-translated",-273.033724456323,4,0.00163152479798918,0.00594072496563943,-305.161808529774,3,0.000403904129063416,0.00109719809065205,32.1280840734515,0.00122762066892576,0.00484352687498738,1
"1","1",200,"runge-translated",-259.492268442669,4,0.00216403429036045,0.0217667357370464,-309.260737494736,3,0.000544964882354417,0.00348989866678876,49.768469052067,0.00161906940800604,0.0182768370702576,1
"1","1",200,"runge-translated",-309.784806094486,4,0.00205912869182542,0.00904809266312756,-338.068533241139,3,0.000584145079837262,0.00316630921724547,28.2837271466532,0.00147498361198816,0.00588178344588209,1
"1","1",200,"runge-translated",-279.234901785387,4,0.00283154053997806,0.00908846959194937,-325.464266258075,3,0.000414397084965074,0.00207163277633893,46.229364472688,0.00241714345501298,0.00701683681561044,1
"1","1",200,"runge-translated",-274.743330021306,4,0.003536069874346,0.0166805949102137,-333.701674797345,3,0.000468966784101238,0.00519137865627259,58.9583447760393,0.00306710309024476,0.0114892162539411,1
"1","1",200,"runge-translated",-330.393294385582,4,0.00108167677382574,0.00260650997650088,-354.3792484029,3,0.000559299686226853,0.000982387963852694,23.985954017318,0.000522377087598889,0.00162412201264819,1
"1","1",200,"runge-translated",-304.979387349047,4,0.002072605752768,0.00755943571515789,-338.131652698184,3,0.000403478565948201,0.000925681153774101,33.1522653491367,0.0016691271868198,0.00663375456138379,1
"1","1",200,"runge-translated",-230.429294994661,4,0.00316550190000734,0.00832286101032075,-298.554598840547,3,0.000217749478779005,0.00256826920352598,68.1253038458853,0.00294775242122833,0.00575459180679478,1
"1","1",200,"runge-translated",-323.515155664356,2,0.000570869001754932,0.0024284541541547,-324.908033601685,3,0.000294056232647617,0.00124386892623382,1.39287793732819,0.000276812769107315,0.00118458522792089,-1
"1","1",200,"runge-translated",-284.031341065303,2,0.00168076840220941,0.00602650703299271,-303.359787326575,3,0.000322997985144693,0.00105524516629922,19.3284462612724,0.00135777041706472,0.00497126186669349,-1
"1","1",200,"runge-translated",-278.523654018564,2,0.00147033927168559,0.0075009582074415,-301.021236632983,4,0.00101923444135429,0.00218594518584522,22.4975826144187,0.000451104830331299,0.00531501302159627,-2
"1","1",200,"runge-translated",-274.751968886682,4,0.00180272280598534,0.00747132908927525,-297.015675896199,3,0.000453512647097449,0.00245642697828895,22.263707009517,0.00134921015888789,0.0050149021109863,1
"1","1",200,"runge-translated",-312.185617222296,4,0.00103023889542966,0.00346653908935145,-320.598673949863,3,0.000594620039492265,0.00222739299620751,8.41305672756687,0.000435618855937398,0.00123914609314394,1
"1","1",200,"runge-translated",-291.705314441325,4,0.00190495818113149,0.0110577936735457,-323.349789051185,3,0.00012535190169839,0.000381456121580435,31.6444746098603,0.0017796062794331,0.0106763375519653,1
"1","1",200,"runge-translated",-271.228795543914,4,0.00236293780186424,0.00654291077230366,-320.148923123407,4,0.000571139645367351,0.000576110468117304,48.9201275794932,0.00179179815649688,0.00596680030418636,0
"1","1",200,"runge-translated",-304.364114649344,4,0.0022333513483956,0.00942963873175737,-335.65839878902,3,0.000440582187377901,0.00199962360861348,31.2942841396754,0.0017927691610177,0.00743001512314389,1
"1","1",200,"runge-translated",-239.080924672293,4,0.00467454534977416,0.0157253895799333,-293.951589811378,3,0.000882739855617121,0.00184437497935109,54.8706651390849,0.00379180549415704,0.0138810146005822,1
"1","1",200,"runge-translated",-316.054447678967,2,0.00033294020517441,0.000830613022562122,-316.054447678967,2,0.000332940205174408,0.000830613022562119,0,2.22261445359528e-18,3.03576608295941e-18,0
"1","1",200,"runge-translated",-313.538161002259,2,0.000629459404969338,0.00182211188319806,-318.8140072349,3,0.000386646000041628,0.000613491337069964,5.27584623264028,0.00024281340492771,0.0012086205461281,-1
"1","1",200,"runge-translated",-323.907270274895,2,0.000504578371214656,0.00345271016601429,-323.907270274895,2,0.000504578371214656,0.0034527101660143,0,-2.16840434497101e-19,-1.69135538907739e-17,0
"1","1",200,"runge-translated",-252.250454597834,4,0.00371697800410486,0.0227771543719475,-294.748513727506,3,0.000682255239062829,0.00155057412031426,42.4980591296714,0.00303472276504203,0.0212265802516332,1
"1","1",200,"runge-translated",-289.161036968679,4,0.00171457236666958,0.00761662136819043,-319.899201865344,3,0.000561459640034127,0.00288533882293469,30.738164896665,0.00115311272663545,0.00473128254525573,1
"1","1",200,"runge-translated",-260.281482844476,4,0.0035582776326949,0.0124862424986104,-314.315876229395,3,0.000355704520013642,0.000706787685811059,54.0343933849191,0.00320257311268126,0.0117794548127994,1
"1","1",200,"runge-translated",-317.702897388927,4,0.00286760199041233,0.00816991175248752,-347.065657266305,3,0.00111296642159855,0.00226201008552342,29.3627598773783,0.00175463556881377,0.0059079016669641,1
"1","1",200,"runge-translated",-261.734064689319,4,0.00242561489343558,0.0108713006503012,-305.888776312804,3,0.000392313521906459,0.00120120837256437,44.1547116234843,0.00203330137152912,0.00967009227773685,1
"1","1",200,"runge-translated",-280.441618840434,4,0.00184667208714572,0.00460911145907615,-320.570655520213,3,0.000515667264286584,0.000793249016543739,40.1290366797793,0.00133100482285914,0.00381586244253242,1
"1","1",200,"runge-translated",-321.517414919405,2,0.00145163246406419,0.00517673703679763,-345.788800281204,3,0.000408194857948259,0.000891243440172484,24.2713853617989,0.00104343760611593,0.00428549359662514,-1
"1","1",200,"runge-translated",-280.215103246845,4,0.00300955787700955,0.00755808868299825,-326.70646586891,3,0.000423047952719439,0.000589562933276195,46.4913626220642,0.00258650992429011,0.00696852574972206,1
"1","1",200,"runge-translated",-283.642283495078,4,0.00213703597286224,0.00936892847739573,-326.319526499437,3,0.000592015346243781,0.00144036419428288,42.6772430043598,0.00154502062661846,0.00792856428311285,1
"1","1",200,"runge-translated",-279.807752252803,3,0.00126770317543824,0.00170745216355643,-282.782789525694,3,0.000621753579997672,0.00151197342293736,2.97503727289154,0.000645949595440568,0.000195478740619078,0
"1","1",200,"runge-translated",-278.647261744209,4,0.00353683027014896,0.0183405942574403,-329.143231644895,3,0.000446544017336212,0.00477249834552282,50.4959699006861,0.00309028625281275,0.0135680959119174,1
"1","1",200,"runge-translated",-344.118293514092,2,0.000569871293132917,0.0023012144986102,-352.939366898172,3,0.000226274549861799,0.000770958156993483,8.8210733840794,0.000343596743271118,0.00153025634161672,-1
"1","1",200,"runge-translated",-295.428847131774,4,0.00255337677849158,0.014153491183304,-314.89654350445,3,0.00121309496005407,0.00695728802607513,19.4676963726759,0.0013402818184375,0.00719620315722892,1
"1","1",200,"runge-translated",-302.02005881725,2,0.00133925404040766,0.00668764121304205,-308.95227016105,3,0.000693488831449117,0.00223043810955039,6.93221134379968,0.00064576520895854,0.00445720310349166,-1
"1","1",200,"runge-translated",-274.5664632727,4,0.00135238860222343,0.00427843533928488,-296.321311626651,3,0.000717877832865892,0.00248409965411364,21.7548483539509,0.000634510769357535,0.00179433568517124,1
"1","1",200,"runge-translated",-320.05957274599,2,0.000657359570840928,0.0032115544772216,-322.117965861386,3,0.000524848325244716,0.00103327563744472,2.05839311539586,0.000132511245596212,0.00217827883977688,-1
"1","1",200,"runge-translated",-333.458485406622,4,0.00135687520631461,0.00405845812078176,-362.903506647157,4,0.000416431359960345,0.000588804806552357,29.445021240535,0.000940443846354263,0.0034696533142294,0
"1","1",200,"runge-translated",-288.825462659064,2,0.00196905593899021,0.0137902717410465,-317.045591837101,3,0.000437777230703933,0.00103167976942934,28.220129178037,0.00153127870828627,0.0127585919716172,-1
"1","1",200,"runge-translated",-298.113637791159,2,0.00101970632927099,0.00464321434892253,-303.906399831251,3,0.000470860913457609,0.00192298462948501,5.79276204009244,0.000548845415813386,0.00272022971943752,-1
"1","1",200,"runge-translated",-336.952507700211,2,0.0019091973651531,0.0136012269720345,-367.193979570478,3,0.000416874781285037,0.00158848551409542,30.2414718702669,0.00149232258386806,0.0120127414579391,-1
"1","1",200,"runge-translated",-277.868965826108,4,0.00236925095317687,0.00905736711782777,-315.550897888374,3,0.000903197789235638,0.00179584098581309,37.6819320622662,0.00146605316394124,0.00726152613201468,1
"1","1",200,"runge-translated",-258.247343863706,4,0.00294083479379675,0.0160313179330738,-310.313932733629,3,0.000338650619256439,0.00247626417139251,52.0665888699231,0.00260218417454031,0.0135550537616813,1
"1","1",200,"runge-translated",-269.9212303097,4,0.00264750153052094,0.0072487056158198,-311.287015987926,4,0.00122205099159754,0.00209084725353272,41.365785678226,0.0014254505389234,0.00515785836228708,0
"1","1",200,"runge-translated",-262.298489890265,4,0.00339880924656335,0.0143803420251208,-306.100101817546,3,0.000869092484162192,0.00155221868477569,43.8016119272805,0.00252971676240116,0.0128281233403451,1
"1","1",200,"runge-translated",-320.797028910454,2,0.00150377681464475,0.00815957284863792,-329.518946854519,3,0.000587868562062929,0.0029542845192656,8.72191794406507,0.000915908252581818,0.00520528832937231,-1
"1","1",200,"runge-translated",-282.571878652041,4,0.00180905267575431,0.0061338393594282,-325.465092691574,3,0.000618761901661876,0.00198845525464384,42.8932140395326,0.00119029077409243,0.00414538410478436,1
"1","1",200,"runge-translated",-330.864027793545,4,0.00132823283552865,0.0029215452361909,-349.618615159307,3,0.000407630667753332,0.00105557038899626,18.7545873657619,0.000920602167775315,0.00186597484719464,1
"1","1",200,"runge-translated",-263.751055339054,4,0.00311878083346405,0.0165562629357019,-326.890479256717,3,0.000448215949978611,0.000552576053252779,63.1394239176628,0.00267056488348544,0.0160036868824491,1
"1","1",200,"runge-translated",-311.595634199124,2,0.00143423661319005,0.00961643493172804,-349.382153038977,4,0.000689027582635953,0.000678670253732972,37.7865188398533,0.000745209030554093,0.00893776467799507,-2
"1","1",200,"runge-translated",-331.210647354854,4,0.00173194834712445,0.00783138842910487,-346.318321613691,3,0.000784174199718123,0.0038609557580838,15.1076742588377,0.000947774147406326,0.00397043267102108,1
"1","1",200,"runge-translated",-324.877448780375,2,0.00033844171041113,0.000489267825998522,-325.836849151275,2,0.000230130222745751,0.000420203753295086,0.959400370899743,0.000108311487665379,6.90640727034368e-05,0
"1","1",200,"runge-translated",-306.252221885756,4,0.00144483057681192,0.00243550502666573,-322.258168153851,3,0.000793469174054836,0.00150995683511234,16.0059462680952,0.000651361402757082,0.00092554819155339,1
"1","1",200,"runge-translated",-279.482350568123,4,0.00307421497398828,0.0119760702485377,-323.752274664898,3,0.00043696400392881,0.00173728603278328,44.2699240967749,0.00263725097005947,0.0102387842157544,1
"1","1",200,"runge-translated",-285.710196491702,4,0.00202413188663053,0.00667349828266903,-330.671282823082,3,0.000417607891075962,0.00105217079351199,44.9610863313796,0.00160652399555457,0.00562132748915705,1
"1","1",200,"runge-translated",-258.59176300051,4,0.00214578819787424,0.00550876332674722,-297.367575538983,3,0.000612421536850408,0.00617421094096934,38.7758125384728,0.00153336666102384,-0.000665447614222119,1
"1","1",200,"runge-translated",-339.092290644163,2,0.000568890590186756,0.00182154357239096,-338.714113149858,2,0.00074319821591272,0.00193570633394531,-0.378177494304623,-0.000174307625725964,-0.000114162761554351,0
"1","1",200,"runge-translated",-244.677159493599,4,0.00203310840408838,0.022736425310372,-286.162698128714,3,0.000812418296064794,0.00762965409857332,41.4855386351146,0.00122069010802359,0.0151067712117986,1
"1","1",200,"runge-translated",-284.775426779793,4,0.00208780858294671,0.016670625220385,-305.424075543125,3,0.000716359733255321,0.00778618240560023,20.6486487633317,0.00137144884969139,0.00888444281478473,1
"1","1",200,"runge-translated",-338.119593994286,2,0.000418116113190121,0.000699500686961465,-338.119593994286,2,0.000418116113190119,0.000699500686961464,1.13686837721616e-13,1.73472347597681e-18,8.67361737988404e-19,0
"1","1",200,"runge-translated",-348.127012700882,2,0.000531235892201209,0.000986965687016068,-348.127012700882,2,0.00053123589220121,0.000986965687016065,0,-1.73472347597681e-18,2.38524477946811e-18,0
"1","1",200,"runge-translated",-337.25416854194,2,0.00169049588129171,0.00982082087662849,-350.036311556621,3,0.000578246394704363,0.00347849285522195,12.7821430146808,0.00111224948658734,0.00634232802140653,-1
"1","1",200,"runge-translated",-331.888372805615,2,0.00125842992543968,0.00813964620341888,-345.354520489964,3,0.000448938291535382,0.00172808742236544,13.4661476843496,0.000809491633904294,0.00641155878105344,-1
"1","1",200,"runge-translated",-335.553203734571,3,0.000355212833647649,0.00204373105310623,-340.130427451181,2,0.000326291779904105,0.00233639622074742,4.57722371660992,2.89210537435438e-05,-0.000292665167641194,1
"1","1",200,"runge-translated",-336.653016241303,2,0.000825299026193768,0.00396057984234715,-343.528689036526,3,0.00051185577520766,0.00239428732264753,6.87567279522312,0.000313443250986108,0.00156629251969962,-1
"1","1",200,"runge-translated",-308.976776999429,2,0.00156817889780591,0.00493730030859363,-308.538657541159,3,0.00104398160642551,0.00417664912453047,-0.438119458270023,0.000524197291380396,0.00076065118406316,-1
"1","1",200,"runge-translated",-277.87769012685,2,0.00143348352780622,0.00505611570200982,-288.770724396115,3,0.000356973554069194,0.00111081864357049,10.8930342692648,0.00107650997373703,0.00394529705843933,-1
"1","1",200,"runge-translated",-286.964275245354,2,0.00214073919474576,0.0128686231918618,-300.247479338775,3,0.000464875476231395,0.00356249376171277,13.2832040934211,0.00167586371851437,0.00930612943014906,-1
"1","1",200,"runge-translated",-322.541874834705,2,0.000617731438372674,0.00167996429091358,-323.937175721884,3,0.00063107503601799,0.00108603458836686,1.39530088717976,-1.33435976453156e-05,0.000593929702546721,-1
"1","1",200,"runge-translated",-314.124302537068,2,0.000790232720930093,0.00164880308664545,-317.076160057353,2,0.00077121456387761,0.00198829574882331,2.95185752028499,1.90181570524829e-05,-0.000339492662177863,0
"1","1",200,"runge-translated",-277.768058908533,2,0.00279732157210053,0.0205438143273466,-288.179019037601,3,0.00078181911017106,0.0063430004319363,10.4109601290675,0.00201550246192947,0.0142008138954103,-1
"1","1",200,"runge-translated",-341.133567678126,3,0.000521074557314947,0.00211234202952296,-345.786228060495,2,0.000489516640294472,0.00181542112774616,4.65266038236985,3.15579170204751e-05,0.000296920901776806,1
"1","1",200,"runge-translated",-290.027942179899,4,0.00198168912720674,0.0107903346719722,-341.331013940276,3,0.000182451911952864,0.000803460813531839,51.3030717603772,0.00179923721525388,0.00998687385844037,1
"1","1",200,"runge-translated",-286.448262563448,3,0.00244636792368127,0.0145915985467994,-310.329899086246,3,0.000368419631694081,0.00156333828749117,23.8816365227979,0.00207794829198719,0.0130282602593082,0
"1","1",200,"runge-translated",-298.083264066193,4,0.00211058302483757,0.00725700178804152,-330.113246618029,3,0.00101659988130174,0.00329344599209092,32.029982551836,0.00109398314353582,0.0039635557959506,1
"1","1",200,"runge-translated",-293.22573528106,4,0.0016922487313706,0.00384473914796873,-320.17573887379,3,0.000464616983924202,0.0011040509915843,26.95000359273,0.0012276317474464,0.00274068815638443,1
"1","1",200,"runge-translated",-348.760979260532,2,0.000558787363727203,0.00210105680961953,-354.11861060881,3,0.000416352059826922,0.000756863943686518,5.35763134827823,0.000142435303900281,0.00134419286593301,-1
"1","1",200,"runge-translated",-326.871634600987,2,0.00147408708062054,0.00725828635775155,-330.592359759369,3,0.000606906894711682,0.00159051964572967,3.72072515838136,0.000867180185908858,0.00566776671202188,-1
"1","1",200,"runge-translated",-308.859538215871,4,0.00171870902423378,0.0092493270922095,-327.86742569203,3,0.000811608498581848,0.00438216909037709,19.0078874761593,0.00090710052565193,0.00486715800183241,1
"1","1",200,"runge-translated",-288.770598255456,4,0.00237297260792933,0.0237751376002856,-336.64948955278,3,0.000268535770671196,0.0048401018650526,47.8788912973237,0.00210443683725813,0.018935035735233,1
"1","1",200,"runge-translated",-265.609836471608,4,0.00263750970015983,0.0101409598998476,-312.133067391472,3,0.000543279205626915,0.00110224660840979,46.5232309198637,0.00209423049453292,0.0090387132914378,1
"1","1",200,"runge-translated",-295.131581381108,2,0.0016409307765456,0.0146498236901517,-316.159972302718,3,0.00056381923926582,0.00244673610727556,21.0283909216099,0.00107711153727978,0.0122030875828762,-1
"1","1",200,"runge-translated",-349.139755599381,2,0.000710018142578322,0.00350806790667988,-349.139755599381,2,0.000710018142578321,0.00350806790667989,1.13686837721616e-13,3.25260651745651e-19,-9.97465998686664e-18,0
"1","1",200,"runge-translated",-295.797589667709,2,0.00135235885214751,0.00531143559285398,-307.130947816302,3,0.000389672617110441,0.00130460132252223,11.3333581485928,0.000962686235037073,0.00400683427033175,-1
"1","1",200,"runge-translated",-305.555767373707,2,0.000576783259245411,0.0012087289039243,-305.555767373707,2,0.000576783259245411,0.0012087289039243,-1.13686837721616e-13,-1.0842021724855e-19,-2.16840434497101e-19,0
"1","1",200,"runge-translated",-307.573984757536,4,0.00199342145579072,0.00731764019522838,-366.492999077921,3,0.000234726628476641,0.00107123771561413,58.9190143203848,0.00175869482731408,0.00624640247961425,1
"1","1",200,"runge-translated",-324.905792635647,4,0.00165981556455976,0.00717960387202824,-370.739257851785,3,0.000402344958583604,0.000850871440118446,45.8334652161382,0.00125747060597616,0.00632873243190979,1
"1","1",200,"runge-translated",-303.535796733499,2,0.00157677333699572,0.00440888862214189,-344.466817085199,3,0.000794391660171996,0.00167014971039217,40.9310203517001,0.000782381676823721,0.00273873891174972,-1
"1","1",200,"runge-translated",-331.888967537156,3,0.000296140692771848,0.000397566003219361,-335.08308670445,3,0.000486888020399577,0.000459077645314942,3.19411916729439,-0.00019074732762773,-6.15116420955808e-05,0
"1","1",200,"runge-translated",-262.790067479764,4,0.00272599819687419,0.0160040613898553,-316.651814532084,3,0.000712598597923565,0.00115736141739269,53.8617470523197,0.00201339959895063,0.0148466999724626,1
"1","1",200,"runge-translated",-347.618158247206,2,0.000831670163387079,0.00404756345023779,-345.119919143346,4,0.00108967592167138,0.0048142600894425,-2.49823910386004,-0.0002580057582843,-0.000766696639204706,-2
"1","1",200,"runge-translated",-317.46077947572,4,0.0015410869197647,0.00391650674319614,-349.329297310613,3,0.000366479272610275,0.00102376976490664,31.8685178348931,0.00117460764715442,0.00289273697828951,1
"1","1",200,"runge-translated",-282.203004224607,2,0.0017322235131715,0.0108428615491568,-319.672162581127,3,0.000132281789425925,0.000292122638817678,37.4691583565192,0.00159994172374558,0.0105507389103391,-1
"1","1",200,"runge-translated",-339.415734232435,2,0.000922812941107887,0.00606458360171126,-346.608559682921,3,0.00040897638954782,0.00266303072123332,7.19282545048605,0.000513836551560066,0.00340155288047794,-1
"1","1",200,"runge-translated",-295.969310880202,4,0.00101569550361926,0.00357345795810403,-308.578069903813,3,0.000657267564731682,0.00242439080297322,12.6087590236107,0.000358427938887575,0.00114906715513081,1
"1","1",200,"runge-translated",-297.981059123083,2,0.00187536388559772,0.00930710952822411,-336.55914085962,3,0.000418242646704384,0.000500132630723049,38.5780817365377,0.00145712123889333,0.00880697689750106,-1
"1","1",200,"runge-translated",-275.128117892681,4,0.00300315540408043,0.0114142734043311,-328.905248088047,3,0.000377898547073187,0.00168998723246918,53.7771301953663,0.00262525685700724,0.00972428617186191,1
"1","1",200,"runge-translated",-263.714966460155,4,0.00219305617833651,0.0071577673228953,-296.920012564551,3,0.000768058697972083,0.00368513178280662,33.2050461043963,0.00142499748036443,0.00347263554008867,1
"1","1",200,"runge-translated",-251.196595079556,4,0.0026354153702038,0.0105585114954435,-307.22857287498,3,0.000748856043359091,0.000602341092923602,56.031977795424,0.00188655932684471,0.00995617040251986,1
"1","1",200,"runge-translated",-309.568378017618,2,0.000813501496254724,0.00362973389293258,-325.318536298141,3,0.000477228924319622,0.000686302189966554,15.7501582805231,0.000336272571935102,0.00294343170296602,-1
"1","1",200,"runge-translated",-329.263222323654,2,0.00140022387693056,0.0106405717705683,-331.98209248901,3,0.000720429702968521,0.00506900564493022,2.71887016535584,0.000679794173962043,0.00557156612563813,-1
"1","1",200,"runge-translated",-294.363153651946,2,0.00111429052545749,0.00861037700673589,-296.091645657937,3,0.00073544148475948,0.00400288581373104,1.72849200599086,0.000378849040698015,0.00460749119300485,-1
"1","1",200,"runge-translated",-299.626588115698,2,0.00102983776813273,0.00354934032853206,-301.554699673107,3,0.000589446957493562,0.00154890297562775,1.92811155740833,0.000440390810639171,0.00200043735290432,-1
"1","1",200,"runge-translated",-300.099044514349,4,0.00205572455200151,0.00438167159309745,-320.248640022816,3,0.00131439800362557,0.00261489836135942,20.1495955084668,0.000741326548375931,0.00176677323173803,1
"1","1",200,"runge-translated",-291.440696269763,4,0.00171397206464641,0.00381129572114847,-315.119010153609,3,0.000670313969671036,0.00213426330384242,23.6783138838461,0.00104365809497538,0.00167703241730604,1
"1","1",200,"runge-translated",-335.58745035886,2,0.00109035223814287,0.00690887040823737,-336.216368155192,3,0.000698214024059789,0.00400370485097746,0.628917796331677,0.000392138214083081,0.00290516555725991,-1
"1","1",200,"runge-translated",-262.77774237204,3,0.00257061982925284,0.0098593596998212,-287.852779457495,3,0.000359679298401252,0.00156235100392094,25.0750370854551,0.00221094053085159,0.00829700869590026,0
"1","1",200,"runge-translated",-293.077150608629,2,0.000751746309711839,0.00171937998542709,-296.030107205776,3,0.000466321300904132,0.00112232752280785,2.95295659714702,0.000285425008807707,0.00059705246261924,-1
"1","1",200,"runge-translated",-278.424994410579,4,0.00166886120875697,0.00472898540491394,-319.94694207443,3,0.00039612599295721,0.00313164786094606,41.5219476638506,0.00127273521579976,0.00159733754396788,1
"1","1",200,"runge-translated",-288.440936027596,2,0.000802500924259211,0.00434529918742136,-299.720067077883,3,0.000526059416017275,0.000841531379610638,11.279131050287,0.000276441508241936,0.00350376780781072,-1
"1","1",200,"runge-translated",-297.051936442577,4,0.00205046237222457,0.00849219442443233,-339.002479114715,3,0.000654315753664426,0.00181761956281228,41.9505426721379,0.00139614661856014,0.00667457486162005,1
"1","1",200,"runge-translated",-307.466958602357,4,0.00226972779491339,0.0165402865456115,-342.151623648816,3,0.000446591404273339,0.00320238845179358,34.6846650464587,0.00182313639064005,0.013337898093818,1
"1","1",200,"runge-translated",-225.711099563031,4,0.0033584083764926,0.00848989633917749,-285.261153160912,3,0.000289423011196539,0.000967824015318163,59.5500535978809,0.00306898536529606,0.00752207232385933,1
"1","1",200,"runge-translated",-284.733086181004,2,0.0011921126975268,0.00569003984827913,-306.939211390527,3,0.00037615210972556,0.000853719237077619,22.2061252095224,0.00081596058780124,0.00483632061120151,-1
"1","1",200,"runge-translated",-292.733674627394,2,0.00206760863594127,0.0140663560298208,-319.750151553931,3,0.000686107641913755,0.00160641383690447,27.0164769265361,0.00138150099402752,0.0124599421929163,-1
"1","1",200,"runge-translated",-345.56949842695,2,0.000513938666504033,0.00315817960425151,-346.438292242951,2,0.000571978844328044,0.00352662903210986,0.868793816000561,-5.80401778240102e-05,-0.000368449427858353,0
