"generator_index","generator_sample_index","m","n","gen_fn","bic_a1","nknots_a1","p_a1","bic_a2","nknots_a2","p_a2","bic_diff","nknots_diff","p_diffs"
"1","1",2000,250,"Michaelis-Menten",-383.063568330521,2,0.000182372551093618,-383.063568330521,2,0.000182372551093621,0,0,-3.3881317890172e-18
"1","1",2000,250,"Michaelis-Menten",-425.993653543411,2,0.000429887909285975,-425.993653543411,2,0.00042988790928596,2.27373675443232e-13,0,1.46909394371786e-17
"1","1",2000,250,"Michaelis-Menten",-420.57792210925,3,0.000467664592812218,-420.57792210925,3,0.000467664592812217,2.27373675443232e-13,0,1.13841228110978e-18
"1","1",2000,250,"Michaelis-Menten",-421.934678496846,2,0.000118082854319552,-421.934678496846,2,0.000118082854319539,0,0,1.30104260698261e-17
"1","1",2000,250,"Michaelis-Menten",-409.194505809828,2,0.000160051046427557,-409.194505809827,2,0.00016005104642756,-4.54747350886464e-13,0,-3.30681662608079e-18
"1","1",2000,250,"Michaelis-Menten",-363.202143031624,2,0.000329153481732894,-363.202143031624,2,0.000329153481732877,2.27373675443232e-13,0,1.72388145425195e-17
"1","1",2000,250,"Michaelis-Menten",-383.472377470908,2,0.000437943585306816,-384.164541715112,1,0.0011071822236223,0.69216424420398,1,-0.000669238638315487
"1","1",2000,250,"Michaelis-Menten",-417.376664002782,2,0.000506546095951065,-417.376664002782,2,0.00050654609595106,-2.27373675443232e-13,0,4.22838847269347e-18
"1","1",2000,250,"Michaelis-Menten",-400.314820097795,2,0.000310662215545981,-400.314820097795,2,0.000310662215545963,1.13686837721616e-13,0,1.84856470408779e-17
"1","1",2000,250,"Michaelis-Menten",-427.464044681453,3,0.000138733179797094,-430.689031556731,2,7.23472970600157e-05,3.22498687527775,1,6.63858827370782e-05
"1","1",2000,250,"Michaelis-Menten",-387.905864270481,2,0.000548532108853529,-387.905864270481,2,0.000548532108853536,1.13686837721616e-13,0,-6.39679281766448e-18
"1","1",2000,250,"Michaelis-Menten",-413.969865585977,3,0.000281715936981535,-417.926991431754,2,0.000240309884209519,3.95712584577689,1,4.14060527720161e-05
"1","1",2000,250,"Michaelis-Menten",-421.601484489682,2,0.000251236568969816,-421.601484489682,2,0.000251236568969793,-2.27373675443232e-13,0,2.36898174688083e-17
"1","1",2000,250,"Michaelis-Menten",-430.975809352693,2,0.000196876126882777,-430.975809352693,2,0.000196876126882787,0,0,-1.04083408558608e-17
"1","1",2000,250,"Michaelis-Menten",-422.120875068629,2,0.000172228005931464,-422.120875068629,2,0.000172228005931455,1.13686837721616e-13,0,9.0801931945661e-18
"1","1",2000,250,"Michaelis-Menten",-438.185076935605,2,0.000320421913023979,-438.185076935605,2,0.000320421913023978,0,0,9.75781955236954e-19
"1","1",2000,250,"Michaelis-Menten",-426.929186778696,3,0.000387112834005662,-432.270501328478,2,0.000420824315258863,5.34131454978228,1,-3.3711481253201e-05
"1","1",2000,250,"Michaelis-Menten",-446.500400720879,2,0.000369192961680206,-446.500400720879,2,0.00036919296168019,1.13686837721616e-13,0,1.64256629131554e-17
"1","1",2000,250,"Michaelis-Menten",-392.167111764057,2,0.000227148777875078,-393.552806195144,1,0.000526268305920827,1.38569443108685,1,-0.000299119528045749
"1","1",2000,250,"Michaelis-Menten",-426.045198228606,1,0.000602103414608437,-426.045198228606,1,0.00060210341460845,1.13686837721616e-13,0,-1.32272665043232e-17
"1","1",2000,250,"Michaelis-Menten",-425.142898301345,2,0.000299791780792776,-425.142898301345,2,0.000299791780792784,1.70530256582424e-13,0,-8.45677694538693e-18
"1","1",2000,250,"Michaelis-Menten",-408.73176251893,2,0.000143780139782252,-408.731762518929,2,0.000143780139782255,-1.13686837721616e-13,0,-2.954450920023e-18
"1","1",2000,250,"Michaelis-Menten",-401.55671006143,2,0.000317126491688765,-401.55671006143,2,0.00031712649168876,2.27373675443232e-13,0,5.52943107967607e-18
"1","1",2000,250,"Michaelis-Menten",-443.284572723853,2,0.000257819863515541,-443.284572723853,2,0.000257819863515568,0,0,-2.66713734431434e-17
"1","1",2000,250,"Michaelis-Menten",-423.43026642231,2,0.000247314930355617,-423.43026642231,2,0.000247314930355625,0,0,-8.13151629364128e-18
"1","1",2000,250,"Michaelis-Menten",-369.8605557431,3,0.000193143584978078,-372.657805594694,2,6.37699481376402e-05,2.79724985159436,1,0.000129373636840437
"1","1",2000,250,"Michaelis-Menten",-410.261337582107,2,0.000325113467316525,-410.261337582107,2,0.000325113467316533,1.13686837721616e-13,0,-7.80625564189563e-18
"1","1",2000,250,"Michaelis-Menten",-417.948416426422,2,0.000320865147988024,-417.948416426422,2,0.000320865147988058,1.13686837721616e-13,0,-3.39897381074206e-17
"1","1",2000,250,"Michaelis-Menten",-435.471101619798,2,0.00037841511630191,-435.471101619798,2,0.000378415116301914,-2.27373675443232e-13,0,-4.77048955893622e-18
"1","1",2000,250,"Michaelis-Menten",-411.562918892321,2,0.000180516397490956,-411.562918892321,2,0.000180516397490946,3.41060513164848e-13,0,1.00288700954909e-17
"1","1",2000,250,"Michaelis-Menten",-400.4100635742,2,0.000272411995032933,-400.410063574199,2,0.000272411995032928,-2.27373675443232e-13,0,4.44522890719057e-18
"1","1",2000,250,"Michaelis-Menten",-433.959152736662,2,0.000446259312827139,-433.959152736662,2,0.000446259312827171,0,0,-3.18755438710738e-17
"1","1",2000,250,"Michaelis-Menten",-423.234147960708,2,0.000486195846755119,-423.234147960708,2,0.000486195846755108,2.8421709430404e-13,0,1.16551733542192e-17
"1","1",2000,250,"Michaelis-Menten",-401.626533381207,2,0.000192575038517287,-401.626533381207,2,0.000192575038517306,1.13686837721616e-13,0,-1.85669622038143e-17
"1","1",2000,250,"Michaelis-Menten",-393.334925351548,2,0.000297716963742278,-395.40675518447,1,0.000695137516718442,2.07182983292199,1,-0.000397420552976164
"1","1",2000,250,"Michaelis-Menten",-434.648714690203,2,0.000204498489726125,-434.648714690204,2,0.000204498489726121,3.41060513164848e-13,0,4.41812385287843e-18
"1","1",2000,250,"Michaelis-Menten",-399.993438837268,2,8.2144989895257e-05,-399.993438837268,2,8.21449898952527e-05,-4.54747350886464e-13,0,4.28259858131774e-18
"1","1",2000,250,"Michaelis-Menten",-464.036025561741,2,0.00020306471103225,-464.036025561741,2,0.000203064711032257,-3.41060513164848e-13,0,-6.17995238316738e-18
"1","1",2000,250,"Michaelis-Menten",-474.298562028167,2,0.000277576317223933,-474.298562028167,2,0.000277576317223951,-1.13686837721616e-13,0,-1.82145964977565e-17
"1","1",2000,250,"Michaelis-Menten",-423.915987912959,2,0.000355751405522171,-423.915987912959,2,0.000355751405522161,0,0,9.48676900924816e-18
"1","1",2000,250,"Michaelis-Menten",-428.596787144689,2,0.000220436113202772,-428.596787144689,2,0.000220436113202777,-1.13686837721616e-13,0,-5.36680075380325e-18
"1","1",2000,250,"Michaelis-Menten",-428.855585475203,2,0.000337043148485124,-428.855585475203,2,0.000337043148485152,-1.13686837721616e-13,0,-2.80808362673746e-17
"1","1",2000,250,"Michaelis-Menten",-446.073275797286,2,0.00011624171143555,-446.073275797286,2,0.00011624171143556,-1.13686837721616e-13,0,-1.01237377855834e-17
"1","1",2000,250,"Michaelis-Menten",-414.043285770528,2,0.000335776092010114,-414.043285770527,2,0.000335776092010108,-4.54747350886464e-13,0,5.58364118830035e-18
"1","1",2000,250,"Michaelis-Menten",-395.488897639268,2,0.000273569930025863,-395.488897639268,2,0.000273569930025873,2.8421709430404e-13,0,-1.05167610731094e-17
"1","1",2000,250,"Michaelis-Menten",-408.446946036324,2,0.000181652940514539,-408.446946036324,2,0.00018165294051455,-1.13686837721616e-13,0,-1.10588621593521e-17
"1","1",2000,250,"Michaelis-Menten",-447.407399968025,2,0.000748447351096902,-447.407399968025,2,0.000748447351096914,-4.54747350886464e-13,0,-1.14925430283463e-17
"1","1",2000,250,"Michaelis-Menten",-423.637066817524,2,0.000182133362707033,-423.637066817524,2,0.000182133362707044,-1.13686837721616e-13,0,-1.09233368877915e-17
"1","1",2000,250,"Michaelis-Menten",-378.438499572678,2,0.000627324349038605,-378.438499572678,2,0.00062732434903862,0,0,-1.44198888940572e-17
"1","1",2000,250,"Michaelis-Menten",-449.813962992098,2,0.000264109894603236,-449.813962992097,2,0.000264109894603243,-2.27373675443232e-13,0,-7.04731412115578e-18
"1","1",2000,250,"Michaelis-Menten",-415.839988644498,2,0.000202370690489283,-415.839988644497,2,0.000202370690489288,-3.97903932025656e-13,0,-4.63496428737553e-18
"1","1",2000,250,"Michaelis-Menten",-421.969300743303,2,0.000279801786990625,-421.969300743303,2,0.000279801786990595,1.13686837721616e-13,0,2.93818788743572e-17
"1","1",2000,250,"Michaelis-Menten",-462.36065388007,2,0.000227221912345854,-462.36065388007,2,0.000227221912345865,-1.13686837721616e-13,0,-1.15196480826585e-17
"1","1",2000,250,"Michaelis-Menten",-415.231231836449,2,0.000263888513398028,-415.231231836449,2,0.000263888513398027,-1.13686837721616e-13,0,1.13841228110978e-18
"1","1",2000,250,"Michaelis-Menten",-418.441559480148,3,0.000149407572865033,-422.422655386125,2,8.71944292313628e-05,3.98109590597687,1,6.22131436336701e-05
"1","1",2000,250,"Michaelis-Menten",-424.480485743724,2,0.00021533886959413,-424.480485743725,2,0.000215338869594148,4.54747350886464e-13,0,-1.82959116606929e-17
"1","1",2000,250,"Michaelis-Menten",-414.860768060538,2,0.000273353700611101,-414.860768060538,2,0.000273353700611106,-4.54747350886464e-13,0,-4.60785923306339e-18
"1","1",2000,250,"Michaelis-Menten",-385.16689000929,2,0.000225496626919692,-385.16689000929,2,0.000225496626919696,1.70530256582424e-13,0,-4.55364912443912e-18
"1","1",2000,250,"Michaelis-Menten",-412.252825993042,2,0.000504777816890113,-412.252825993042,2,0.000504777816890079,0,0,3.48028897367847e-17
"1","1",2000,250,"Michaelis-Menten",-417.760202482038,2,0.000463764274947182,-417.760202482039,2,0.000463764274947137,2.27373675443232e-13,0,4.46149193977785e-17
"1","1",2000,250,"Michaelis-Menten",-448.723296445963,3,0.000251564848080115,-448.723296445962,3,0.000251564848080114,-5.6843418860808e-13,0,1.0842021724855e-18
"1","1",2000,250,"Michaelis-Menten",-405.599212997782,2,0.00017354324632513,-405.599212997782,2,0.000173543246325135,2.27373675443232e-13,0,-4.39101879856629e-18
"1","1",2000,250,"Michaelis-Menten",-382.000104837834,2,0.000408859954689922,-382.000104837834,2,0.00040885995468991,1.13686837721616e-13,0,1.24683249835833e-17
"1","1",2000,250,"Michaelis-Menten",-414.627374925109,2,0.000261284358022983,-414.627374925108,2,0.000261284358023,-2.8421709430404e-13,0,-1.68593437821496e-17
"1","1",2000,250,"Michaelis-Menten",-383.476552636636,2,0.000118788041190787,-383.476552636636,2,0.000118788041190793,3.41060513164848e-13,0,-5.54298360683214e-18
"1","1",2000,250,"Michaelis-Menten",-446.114124287978,2,0.000258336851969256,-447.048295226471,1,0.000496377274060652,0.934170938493253,1,-0.000238040422091396
"1","1",2000,250,"Michaelis-Menten",-467.786036292738,2,0.000483802776895833,-467.786036292738,2,0.000483802776895856,0,0,-2.34729770343112e-17
"1","1",2000,250,"Michaelis-Menten",-413.241230049538,3,0.000171579611990678,-418.004475260968,2,0.000194016839990987,4.76324521142925,1,-2.24372280003085e-05
"1","1",2000,250,"Michaelis-Menten",-392.776169725164,4,0.000506926591206565,-399.908179247075,2,0.000778955289893306,7.13200952191113,2,-0.000272028698686741
"1","1",2000,250,"Michaelis-Menten",-464.126176075231,2,0.000371572738173553,-464.126176075231,2,0.000371572738173585,0,0,-3.12250225675825e-17
"1","1",2000,250,"Michaelis-Menten",-440.009025857428,4,0.000600669615722339,-445.098736144807,3,0.000593145997709793,5.08971028737909,1,7.52361801254593e-06
"1","1",2000,250,"Michaelis-Menten",-419.719560563765,2,0.000166957559332617,-419.719560563765,2,0.000166957559332613,-1.13686837721616e-13,0,4.55364912443912e-18
"1","1",2000,250,"Michaelis-Menten",-406.355720944444,4,0.000622239095556456,-410.172531339038,3,0.000574841973988936,3.81681039459312,1,4.73971215675195e-05
"1","1",2000,250,"Michaelis-Menten",-409.672561381868,2,0.000286140755819438,-409.672561381868,2,0.000286140755819459,2.27373675443232e-13,0,-2.09251019289702e-17
"1","1",2000,250,"Michaelis-Menten",-411.049653607359,2,0.000243364453052208,-411.049653607359,2,0.000243364453052197,-5.6843418860808e-14,0,1.04896560187973e-17
"1","1",2000,250,"Michaelis-Menten",-445.839332646891,2,0.00023510131227676,-445.839332646891,2,0.000235101312276732,1.13686837721616e-13,0,2.73489998009468e-17
"1","1",2000,250,"Michaelis-Menten",-444.514680853749,2,0.000249462265387352,-444.514680853749,2,0.000249462265387369,-1.13686837721616e-13,0,-1.72930246511438e-17
"1","1",2000,250,"Michaelis-Menten",-389.397810828387,3,0.000248694983026515,-393.879583561631,2,0.000153140271089355,4.48177273324393,1,9.55547119371602e-05
"1","1",2000,250,"Michaelis-Menten",-411.834799211552,2,0.000186108589007064,-411.834799211552,2,0.000186108589007071,-3.97903932025656e-13,0,-7.45388993583784e-18
"1","1",2000,250,"Michaelis-Menten",-429.071621240602,2,0.000167420100601957,-429.071621240601,2,0.000167420100601952,-3.41060513164848e-13,0,4.49943901581484e-18
"1","1",2000,250,"Michaelis-Menten",-438.088006111733,2,0.000180101446815285,-440.418980095785,1,0.000443310985819132,2.33097398405187,1,-0.000263209539003847
"1","1",2000,250,"Michaelis-Menten",-400.163031747107,2,0.000313713964068441,-400.163031747106,2,0.000313713964068468,-4.54747350886464e-13,0,-2.65629532258949e-17
"1","1",2000,250,"Michaelis-Menten",-435.071084541602,2,0.000291849544106817,-435.071084541602,2,0.000291849544106808,0,0,9.75781955236954e-18
"1","1",2000,250,"Michaelis-Menten",-389.298127128076,2,0.000270567478039013,-389.298127128076,2,0.000270567478039025,-1.13686837721616e-13,0,-1.11672823766007e-17
"1","1",2000,250,"Michaelis-Menten",-402.402797832596,2,0.000483784846746866,-402.402797832596,2,0.000483784846746828,-1.13686837721616e-13,0,3.78386558197441e-17
"1","1",2000,250,"Michaelis-Menten",-402.964062621488,1,0.000711224220248993,-402.964062621488,1,0.000711224220249005,3.41060513164848e-13,0,-1.19262238973405e-17
"1","1",2000,250,"Michaelis-Menten",-429.98049207657,2,0.00019714678193503,-429.980492076571,2,0.000197146781935028,2.27373675443232e-13,0,1.13841228110978e-18
"1","1",2000,250,"Michaelis-Menten",-444.054084558382,2,0.000194097348914091,-444.054084558382,2,0.000194097348914103,2.27373675443232e-13,0,-1.27393755267047e-17
"1","1",2000,250,"Michaelis-Menten",-433.34849311955,3,0.000464253218322873,-435.711452386402,2,0.000365822101618344,2.36295926685142,1,9.84311167045296e-05
"1","1",2000,250,"Michaelis-Menten",-436.462999785859,4,0.000668650078442517,-440.691103969489,2,0.000478194319108865,4.2281041836294,2,0.000190455759333652
"1","1",2000,250,"Michaelis-Menten",-426.953735378682,2,0.000534546287675127,-426.953735378682,2,0.000534546287675135,0,0,-8.45677694538693e-18
"1","1",2000,250,"Michaelis-Menten",-380.202690231607,3,0.00036072257711433,-382.356010479156,2,0.000194689022655064,2.15332024754946,1,0.000166033554459267
"1","1",2000,250,"Michaelis-Menten",-412.942918341514,2,0.000246332887181551,-412.942918341514,2,0.000246332887181549,1.13686837721616e-13,0,2.16840434497101e-18
"1","1",2000,250,"Michaelis-Menten",-437.956469506843,2,0.000263067813417184,-437.956469506844,2,0.000263067813417161,1.13686837721616e-13,0,2.33103467084383e-17
"1","1",2000,250,"Michaelis-Menten",-422.401219570373,2,0.000253296524431273,-422.401219570373,2,0.000253296524431259,-1.13686837721616e-13,0,1.35525271560688e-17
"1","1",2000,250,"Michaelis-Menten",-421.557632737969,2,0.000310347850016612,-421.557632737969,2,0.000310347850016595,-5.6843418860808e-13,0,1.72388145425195e-17
"1","1",2000,250,"Michaelis-Menten",-393.302449960537,2,0.000268645884888565,-393.302449960537,2,0.000268645884888561,1.13686837721616e-13,0,3.57786716920216e-18
"1","1",2000,250,"Michaelis-Menten",-454.559196160639,2,0.000367715764998318,-454.559196160639,2,0.000367715764998317,-1.13686837721616e-13,0,7.04731412115578e-19
"1","1",2000,250,"Michaelis-Menten",-378.992879421673,2,0.000208931675324746,-378.992879421673,2,0.000208931675324766,5.6843418860808e-14,0,-1.97324795392362e-17
"1","1",2000,250,"Michaelis-Menten",-434.184899452825,2,0.000219748808203878,-434.184899452826,2,0.000219748808203892,3.41060513164848e-13,0,-1.42572585681844e-17
"2","1",2000,250,"Logistic",-399.519265650023,4,0.000265823326938641,-410.965920577592,3,0.0001085333619646,11.4466549275687,1,0.000157289964974041
"2","1",2000,250,"Logistic",-386.099004307429,4,0.00267137040776686,-421.874113430602,3,0.00101124511441861,35.7751091231731,1,0.00166012529334825
"2","1",2000,250,"Logistic",-408.497780188229,4,0.000861260368223333,-413.942076625933,4,0.000555734394175414,5.44429643770417,0,0.000305525974047919
"2","1",2000,250,"Logistic",-405.015207380686,4,0.000609564572699973,-417.199826250627,3,0.000252062268153526,12.1846188699407,1,0.000357502304546447
"2","1",2000,250,"Logistic",-416.25286397391,4,0.000515476807633656,-416.633681565219,3,0.000683723036357683,0.380817591308642,1,-0.000168246228724027
"2","1",2000,250,"Logistic",-431.815437249619,2,0.000558564478977117,-431.815437249619,2,0.000558564478977115,1.13686837721616e-13,0,2.71050543121376e-18
"2","1",2000,250,"Logistic",-397.362947561737,2,0.000840992680682436,-407.098009661723,3,0.000270013849172086,9.73506209998601,-1,0.00057097883151035
"2","1",2000,250,"Logistic",-395.833885226587,2,0.000439412611685192,-395.833885226587,2,0.000439412611685193,0,0,-1.13841228110978e-18
"2","1",2000,250,"Logistic",-423.217677487032,2,0.00091932678466951,-423.217677487032,2,0.000919326784669509,-1.13686837721616e-13,0,1.51788304147971e-18
"2","1",2000,250,"Logistic",-369.38935804307,4,0.00146490427603813,-389.333058043808,3,0.000755126756381959,19.9437000007383,1,0.000709777519656166
"2","1",2000,250,"Logistic",-390.509042936942,4,0.00162817633299787,-427.416267757586,3,0.000423315640011495,36.9072248206438,1,0.00120486069298637
"2","1",2000,250,"Logistic",-441.133683846756,2,0.000949673926040297,-441.133683846757,2,0.000949673926040285,2.27373675443232e-13,0,1.16009632455949e-17
"2","1",2000,250,"Logistic",-388.966093941957,4,0.000544322108986555,-404.232660109899,3,0.00021557260640944,15.2665661679414,1,0.000328749502577115
"2","1",2000,250,"Logistic",-431.067776332679,4,0.000551272144270442,-447.075707846361,4,0.000232620159920718,16.007931513682,0,0.000318651984349724
"2","1",2000,250,"Logistic",-427.592361109503,4,0.000756688482687642,-427.592361109503,4,0.000756688482687637,0,0,5.09575021068187e-18
"2","1",2000,250,"Logistic",-393.032286559489,4,0.000980323419342044,-416.435899632772,4,0.000517062348368956,23.4036130732823,0,0.000463261070973088
"2","1",2000,250,"Logistic",-343.362605281683,4,0.00131150255997833,-372.029110893695,3,0.000249167851437695,28.6665056120124,1,0.00106233470854064
"2","1",2000,250,"Logistic",-415.980370524407,4,0.000542790361088105,-427.983464751587,3,0.000362834818069483,12.0030942271804,1,0.000179955543018622
"2","1",2000,250,"Logistic",-398.356001378595,4,0.000650448287816663,-434.604459080349,3,0.000213795228306283,36.2484577017533,1,0.00043665305951038
"2","1",2000,250,"Logistic",-418.908453546419,2,0.00139065236670115,-418.90845354642,2,0.00139065236670113,3.97903932025656e-13,0,2.01661604082304e-17
"2","1",2000,250,"Logistic",-397.63376907798,4,0.00069725576690416,-405.391583213595,3,0.000359973909835896,7.75781413561498,1,0.000337281857068264
"2","1",2000,250,"Logistic",-411.516605844064,4,0.000699790598749612,-433.148073340705,3,0.000283636679182323,21.6314674966403,1,0.000416153919567288
"2","1",2000,250,"Logistic",-386.216661958237,4,0.00105382388687766,-400.67120707648,4,0.000658365230023661,14.4545451182423,0,0.000395458656854002
"2","1",2000,250,"Logistic",-377.69095473171,4,0.00116109651231671,-400.956159294087,3,0.000345535156943726,23.2652045623772,1,0.000815561355372984
"2","1",2000,250,"Logistic",-405.451063592799,4,0.00077582353096639,-423.007580426765,3,0.00045089810763601,17.5565168339662,1,0.00032492542333038
"2","1",2000,250,"Logistic",-401.109970394772,2,0.00113434398402675,-401.109970394772,2,0.00113434398402675,1.13686837721616e-13,0,-4.98732999343332e-18
"2","1",2000,250,"Logistic",-386.526584861138,2,0.00055697725827705,-386.526584861138,2,0.000556977258277052,-1.13686837721616e-13,0,-2.60208521396521e-18
"2","1",2000,250,"Logistic",-388.822612811149,2,0.000764863972110127,-420.029686224021,3,0.000190815154264665,31.207073412872,-1,0.000574048817845462
"2","1",2000,250,"Logistic",-393.302089285207,2,0.000714252793609638,-393.302089285207,2,0.000714252793609639,1.13686837721616e-13,0,-6.50521303491303e-19
"2","1",2000,250,"Logistic",-386.63727509271,4,0.000302301937261348,-399.785232408958,3,0.000145733681989104,13.1479573162482,1,0.000156568255272244
"2","1",2000,250,"Logistic",-390.603449687659,4,0.00029559637290174,-408.189075178418,4,0.000116173775132691,17.5856254907594,0,0.000179422597769049
"2","1",2000,250,"Logistic",-391.6254226549,4,0.000701766139107389,-395.365488264086,3,0.000707300558022298,3.74006560918667,1,-5.53441891490945e-06
"2","1",2000,250,"Logistic",-436.886656199586,4,0.000628312230477993,-436.886656199586,4,0.000628312230477994,0,0,-3.25260651745651e-19
"2","1",2000,250,"Logistic",-388.070078693745,2,0.000895205585573797,-401.790051445383,3,0.000233273719581283,13.7199727516376,-1,0.000661931865992515
"2","1",2000,250,"Logistic",-394.27603877138,4,0.00096208415222777,-409.690370367617,4,0.000311057210504481,15.4143315962373,0,0.000651026941723289
"2","1",2000,250,"Logistic",-425.488355377417,2,0.000649965788139659,-434.812302546227,3,0.000231091409563266,9.32394716880998,-1,0.000418874378576392
"2","1",2000,250,"Logistic",-404.921314161177,2,0.00141817297171285,-411.16036424855,4,0.000733943884578064,6.23905008737296,-2,0.000684229087134788
"2","1",2000,250,"Logistic",-400.680907424356,2,0.000573907576316848,-400.680907424356,2,0.000573907576316846,1.13686837721616e-13,0,1.84314369322536e-18
"2","1",2000,250,"Logistic",-388.840021872086,2,0.00130408842353686,-388.840021872086,2,0.00130408842353686,2.27373675443232e-13,0,8.02309607639273e-18
"2","1",2000,250,"Logistic",-376.703880742418,4,0.00133759702866145,-414.920278936082,3,0.000272028588716253,38.2163981936645,1,0.0010655684399452
"2","1",2000,250,"Logistic",-404.330814300855,2,0.00084656412085782,-425.631218879948,3,0.000175194974039788,21.3004045790933,-1,0.000671369146818032
"2","1",2000,250,"Logistic",-405.684716830146,4,0.00137289603356235,-416.441269327692,4,0.000691342294876286,10.756552497546,0,0.000681553738686066
"2","1",2000,250,"Logistic",-405.203736429775,2,0.000569863409315375,-405.203736429775,2,0.000569863409315381,-2.27373675443232e-13,0,-5.63785129692462e-18
"2","1",2000,250,"Logistic",-409.661804832117,4,0.00179575512442217,-416.400083821669,3,0.00131189594260218,6.73827898955176,1,0.000483859181819983
"2","1",2000,250,"Logistic",-415.516731363743,2,0.00071680383962117,-415.516731363743,2,0.00071680383962116,-1.13686837721616e-13,0,9.21571846612679e-18
"2","1",2000,250,"Logistic",-378.802783774205,2,0.00101309863438902,-378.802783774205,2,0.00101309863438902,1.13686837721616e-13,0,3.03576608295941e-18
"2","1",2000,250,"Logistic",-404.890115213968,4,0.00117273600160868,-447.678419270518,3,0.000410595120920963,42.7883040565493,1,0.000762140880687721
"2","1",2000,250,"Logistic",-443.199530159034,4,0.000602122143122387,-457.540925584244,3,0.000436015711859757,14.3413954252106,1,0.000166106431262629
"2","1",2000,250,"Logistic",-398.064978576156,4,0.00077870000004609,-399.54407746265,3,0.000978620664080185,1.47909888649417,1,-0.000199920664034095
"2","1",2000,250,"Logistic",-381.01091167204,4,0.000545111379268208,-395.273880270053,4,0.000281915717034807,14.2629685980128,0,0.000263195662233401
"2","1",2000,250,"Logistic",-405.610266384141,4,0.00133445576333471,-421.610314610696,3,0.000695728873922562,16.0000482265549,1,0.000638726889412146
"2","1",2000,250,"Logistic",-373.348627795713,4,0.000869915674454676,-387.646085502863,3,0.000478556456295616,14.2974577071497,1,0.00039135921815906
"2","1",2000,250,"Logistic",-426.698657696294,4,0.000529015683473255,-438.016362931192,3,0.000296536318905213,11.3177052348981,1,0.000232479364568043
"2","1",2000,250,"Logistic",-383.142058982989,4,0.00056858957262287,-394.44741796996,3,0.000268387643895456,11.3053589869704,1,0.000300201928727414
"2","1",2000,250,"Logistic",-394.390608936583,4,0.000922448562258749,-405.953940440334,3,0.000719180606735782,11.5633315037507,1,0.000203267955522967
"2","1",2000,250,"Logistic",-391.635405529465,2,0.000861795861412777,-391.635405529464,2,0.000861795861412789,-2.27373675443232e-13,0,-1.20346441145891e-17
"2","1",2000,250,"Logistic",-395.941059589042,2,0.000869352288308979,-395.941059589042,2,0.000869352288308975,0,0,3.79470760369927e-18
"2","1",2000,250,"Logistic",-396.929466681258,4,0.000982087785068195,-426.060356456069,3,0.000193885536779364,29.1308897748107,1,0.000788202248288831
"2","1",2000,250,"Logistic",-338.425914015589,4,0.00262731582384308,-390.923597321985,3,0.000557345534434302,52.4976833063954,1,0.00206997028940878
"2","1",2000,250,"Logistic",-431.323030434141,2,0.00105092276734156,-431.323030434141,2,0.00105092276734155,1.13686837721616e-13,0,1.2793585635329e-17
"2","1",2000,250,"Logistic",-419.111354765718,4,0.000737643589232354,-435.310590486325,3,0.000411946793374279,16.1992357206071,1,0.000325696795858075
"2","1",2000,250,"Logistic",-390.392984029566,4,0.000835991057717913,-413.280605142801,3,0.000384874270473519,22.887621113235,1,0.000451116787244394
"2","1",2000,250,"Logistic",-400.872704644656,4,0.00109283174170095,-423.47930112944,4,0.000706012411174567,22.6065964847839,0,0.000386819330526386
"2","1",2000,250,"Logistic",-413.206049728587,4,0.0011090515547765,-432.61571539708,4,0.000287289567263711,19.409665668493,0,0.000821761987512789
"2","1",2000,250,"Logistic",-375.034026156279,2,0.000800651754072683,-375.034026156279,2,0.000800651754072687,-1.13686837721616e-13,0,-4.55364912443912e-18
"2","1",2000,250,"Logistic",-409.467722301237,4,0.000818857339452398,-409.467722301236,4,0.000818857339452413,-2.27373675443232e-13,0,-1.48535697630514e-17
"2","1",2000,250,"Logistic",-361.908676818344,4,0.00138718419996816,-388.063443353529,4,0.000398972242209637,26.1547665351848,0,0.000988211957758525
"2","1",2000,250,"Logistic",-392.372123381572,4,0.00103296684605269,-413.837312504286,3,0.000660232755480732,21.465189122714,1,0.000372734090571954
"2","1",2000,250,"Logistic",-401.855035555675,4,0.000841059128069963,-415.724758689123,3,0.000421295610576977,13.8697231334477,1,0.000419763517492986
"2","1",2000,250,"Logistic",-379.863130370493,4,0.000505520152502603,-389.466751616135,3,0.000255391906600753,9.60362124564227,1,0.00025012824590185
"2","1",2000,250,"Logistic",-426.361494449347,4,0.000737847662930503,-448.007438597302,4,0.000392410064157936,21.6459441479558,0,0.000345437598772567
"2","1",2000,250,"Logistic",-449.006459207408,4,0.000548428231194769,-449.006459207408,4,0.000548428231194759,0,0,9.43255890062389e-18
"2","1",2000,250,"Logistic",-392.202401445919,4,0.000720611706220383,-407.007423344412,4,0.000510145607676461,14.805021898493,0,0.000210466098543923
"2","1",2000,250,"Logistic",-364.132442288333,4,0.000920685080036521,-371.822961972419,3,0.000669134553158613,7.69051968408667,1,0.000251550526877909
"2","1",2000,250,"Logistic",-411.872406487635,4,0.000258707232233246,-425.949354963596,3,0.000245210506004153,14.0769484759608,1,1.34967262290937e-05
"2","1",2000,250,"Logistic",-406.362131328125,4,0.000506523119708825,-406.362131328125,4,0.000506523119708824,1.13686837721616e-13,0,1.30104260698261e-18
"2","1",2000,250,"Logistic",-387.710664224035,3,0.000575767583174022,-393.172458385932,2,0.000609281526910188,5.46179416189739,1,-3.35139437361666e-05
"2","1",2000,250,"Logistic",-427.081428332359,4,0.0012430180258711,-467.385441008305,3,0.000638061672867995,40.3040126759459,1,0.000604956353003107
"2","1",2000,250,"Logistic",-428.190874874695,4,0.000521891975317594,-428.679438017482,3,0.000724695318546724,0.488563142786518,1,-0.000202803343229131
"2","1",2000,250,"Logistic",-373.737443904899,4,0.000617129144594138,-393.10776573706,3,0.000187926303757841,19.3703218321611,1,0.000429202840836297
"2","1",2000,250,"Logistic",-382.349317943,4,0.000930195358810483,-398.008164043767,3,0.00057526742139741,15.6588461007667,1,0.000354927937413073
"2","1",2000,250,"Logistic",-422.053237865467,2,0.00149759085480853,-429.706863010183,4,0.000736907363618127,7.65362514471559,-2,0.000760683491190405
"2","1",2000,250,"Logistic",-420.329719358588,3,0.000371671356738353,-425.550919878389,2,0.000327475736842938,5.2212005198009,1,4.41956198954152e-05
"2","1",2000,250,"Logistic",-382.337054378601,4,0.000546989765305232,-393.645018894099,3,0.000444747727381257,11.307964515498,1,0.000102242037923975
"2","1",2000,250,"Logistic",-395.918821381173,4,0.00123355640728333,-428.064877149077,3,0.000321258691501352,32.1460557679039,1,0.000912297715781981
"2","1",2000,250,"Logistic",-382.127917038215,4,0.000867262894783963,-391.896371984085,4,0.000367386346180295,9.76845494587008,0,0.000499876548603669
"2","1",2000,250,"Logistic",-364.359822482193,4,0.000461977831270476,-368.29056467887,3,0.000531635244350386,3.93074219667665,1,-6.96574130799102e-05
"2","1",2000,250,"Logistic",-416.489851122927,4,0.000583262267699424,-429.520771742195,4,0.000448701162818708,13.0309206192674,0,0.000134561104880716
"2","1",2000,250,"Logistic",-373.621422131923,4,0.00143921776177832,-392.173628047025,3,0.000469615023082703,18.5522059151014,1,0.000969602738695613
"2","1",2000,250,"Logistic",-412.487874931263,4,0.000634998689970343,-423.924139214193,3,0.000381086589329008,11.4362642829305,1,0.000253912100641335
"2","1",2000,250,"Logistic",-388.408372877034,4,0.00126941035771655,-406.999915662435,3,0.000600388584246834,18.5915427854011,1,0.000669021773469718
"2","1",2000,250,"Logistic",-411.456660592283,4,0.000645124919218055,-424.278299963448,3,0.000247977130422666,12.8216393711652,1,0.000397147788795389
"2","1",2000,250,"Logistic",-365.886703061518,2,0.000896998752727318,-365.886703061518,2,0.000896998752727311,2.27373675443232e-13,0,7.15573433840433e-18
"2","1",2000,250,"Logistic",-364.551866692832,4,0.00180882500259483,-408.383552004103,3,0.000357728360666062,43.8316853112714,1,0.00145109664192877
"2","1",2000,250,"Logistic",-402.094022144847,4,0.00116989047225336,-407.705152032459,4,0.000677791839871999,5.61112988761158,0,0.000492098632381357
"2","1",2000,250,"Logistic",-379.89466313192,4,0.000785923362272459,-401.316456059944,3,0.000142035489457913,21.4217929280232,1,0.000643887872814546
"2","1",2000,250,"Logistic",-388.681560474367,2,0.000717417703133258,-398.3481973494,3,0.000401277055264818,9.66663687503291,-1,0.00031614064786844
"2","1",2000,250,"Logistic",-434.31615014931,4,0.000697443331445546,-448.132776758429,3,0.000528747263341283,13.8166266091191,1,0.000168696068104263
"2","1",2000,250,"Logistic",-372.910903305717,4,0.000491984558063156,-384.818193093372,3,0.00024989480250544,11.907289787655,1,0.000242089755557716
"2","1",2000,250,"Logistic",-413.364881016928,4,0.000753665482100568,-424.687839681654,4,0.000585986627193878,11.3229586647262,0,0.00016767885490669
"3","1",2000,250,"Runge",-392.461266449632,2,0.000706041256309605,-392.461266449632,2,0.000706041256309608,-1.13686837721616e-13,0,-3.14418630020796e-18
"3","1",2000,250,"Runge",-359.786947892108,4,0.00223439994016245,-394.489806453996,3,0.000854832055211922,34.7028585618871,1,0.00137956788495053
"3","1",2000,250,"Runge",-403.467670608864,4,0.00193076344447379,-436.926358348597,4,0.000832102258173129,33.4586877397338,0,0.00109866118630066
"3","1",2000,250,"Runge",-378.127056728665,4,0.00335335977377563,-421.621247975414,3,0.00119228184984682,43.4941912467489,1,0.0021610779239288
"3","1",2000,250,"Runge",-402.837388042517,2,0.00075072929379132,-402.837388042517,2,0.00075072929379132,0,0,-6.50521303491303e-19
"3","1",2000,250,"Runge",-418.360363898888,2,0.000778534639269788,-418.360363898887,2,0.000778534639269791,-1.13686837721616e-13,0,-2.05998412772246e-18
"3","1",2000,250,"Runge",-393.612539470186,2,0.000824825493716302,-393.612539470186,2,0.000824825493716297,0,0,5.42101086242752e-18
"3","1",2000,250,"Runge",-387.780414019047,2,0.000854281507684018,-387.780414019047,2,0.000854281507684016,1.13686837721616e-13,0,1.40946282423116e-18
"3","1",2000,250,"Runge",-360.577984215725,4,0.00234743121399721,-385.737170203643,3,0.001512240880342,25.1591859879174,1,0.00083519033365521
"3","1",2000,250,"Runge",-344.920227176195,4,0.00357695984181171,-432.962309457155,3,0.000498668105666449,88.0420822809598,1,0.00307829173614527
"3","1",2000,250,"Runge",-437.538405154534,2,0.000524400707915659,-437.538405154534,2,0.000524400707915648,-5.6843418860808e-14,0,1.10588621593521e-17
"3","1",2000,250,"Runge",-380.498452473383,4,0.00290356043157479,-426.711377296998,3,0.000963332281895067,46.2129248236154,1,0.00194022814967973
"3","1",2000,250,"Runge",-378.225688796039,2,0.00182767772625255,-406.301437030718,3,0.000514036820342339,28.0757482346792,-1,0.00131364090591021
"3","1",2000,250,"Runge",-407.288815680822,4,0.00137050539126711,-418.052543451064,3,0.0011851380288835,10.7637277702421,1,0.000185367362383605
"3","1",2000,250,"Runge",-367.875891577343,4,0.00261050380103395,-413.895448675868,3,0.000505858181724304,46.0195570985255,1,0.00210464561930965
"3","1",2000,250,"Runge",-380.475550676165,4,0.00174266154828024,-420.350722256704,3,0.000468786479995636,39.8751715805398,1,0.0012738750682846
"3","1",2000,250,"Runge",-406.935859534451,2,0.000442587166856251,-406.935859534451,2,0.000442587166856251,0,0,0
"3","1",2000,250,"Runge",-364.140601437402,2,0.000776733530073937,-364.140601437402,2,0.000776733530073936,0,0,1.19262238973405e-18
"3","1",2000,250,"Runge",-419.388112872084,4,0.00256647551170657,-442.318610069353,4,0.00126065123234282,22.9304971972692,0,0.00130582427936375
"3","1",2000,250,"Runge",-373.067307281287,2,0.00169466442223694,-386.646739563161,3,0.000618192990911292,13.5794322818741,-1,0.00107647143132565
"3","1",2000,250,"Runge",-375.897894219094,2,0.00211438311988742,-404.040314951091,3,0.000722382752729589,28.1424207319968,-1,0.00139200036715783
"3","1",2000,250,"Runge",-369.686937384819,4,0.00137575585552818,-399.511635664363,3,0.000634151146938239,29.8246982795442,1,0.00074160470858994
"3","1",2000,250,"Runge",-349.505930413735,4,0.0039353921733935,-415.901509534212,3,0.00150153710638533,66.3955791204777,1,0.00243385506700817
"3","1",2000,250,"Runge",-355.22777917185,4,0.00283580716711711,-393.628618120013,3,0.00135267233406974,38.4008389481633,1,0.00148313483304737
"3","1",2000,250,"Runge",-388.349711733255,4,0.00233161345280116,-434.963570171748,3,0.000816142414557519,46.6138584384929,1,0.00151547103824364
"3","1",2000,250,"Runge",-419.278633415357,2,0.00123515252092746,-419.278633415357,2,0.00123515252092746,0,0,4.33680868994202e-19
"3","1",2000,250,"Runge",-337.372011305139,4,0.00238037387615067,-385.631298813682,3,0.000743973395156059,48.2592875085426,1,0.00163640048099461
"3","1",2000,250,"Runge",-415.862618097597,2,0.00156505618504188,-415.862618097597,2,0.00156505618504187,0,0,2.38524477946811e-18
"3","1",2000,250,"Runge",-334.785347514341,4,0.00327823482571028,-401.99190262734,3,0.000737889029874959,67.2065551129985,1,0.00254034579583532
"3","1",2000,250,"Runge",-365.607236383736,4,0.0027370284906547,-405.272834164181,3,0.00133921638295067,39.6655977804451,1,0.00139781210770402
"3","1",2000,250,"Runge",-357.129295677284,4,0.0017035245361434,-385.355179459164,4,0.00115354469256082,28.2258837818802,0,0.000549979843582579
"3","1",2000,250,"Runge",-402.493477579574,2,0.00130957524475099,-402.493477579574,2,0.00130957524475099,0,0,-3.03576608295941e-18
"3","1",2000,250,"Runge",-374.716443942616,4,0.00168191553589079,-440.3814173948,3,0.000328353452055633,65.6649734521844,1,0.00135356208383516
"3","1",2000,250,"Runge",-369.409865503524,2,0.000961562446257655,-369.409865503524,2,0.000961562446257655,1.13686837721616e-13,0,5.42101086242752e-19
"3","1",2000,250,"Runge",-329.466195919435,4,0.00191737519309243,-370.047187615184,3,0.000394299071504421,40.5809916957485,1,0.001523076121588
"3","1",2000,250,"Runge",-369.668311167691,2,0.00275860325909715,-409.729417005097,3,0.000584776385487157,40.0611058374058,-1,0.00217382687360999
"3","1",2000,250,"Runge",-387.727431503539,4,0.00177893752166248,-426.612910768272,3,0.000528523330813518,38.8854792647329,1,0.00125041419084896
"3","1",2000,250,"Runge",-379.487758851724,4,0.00201385798785836,-414.042392403312,3,0.000688909338386675,34.554633551588,1,0.00132494864947169
"3","1",2000,250,"Runge",-413.178967956167,2,0.000458109774957566,-413.178967956167,2,0.000458109774957574,-2.27373675443232e-13,0,-8.23993651088983e-18
"3","1",2000,250,"Runge",-399.380777419347,4,0.00200740112561596,-423.455419751401,3,0.00110700622614844,24.0746423320538,1,0.000900394899467518
"3","1",2000,250,"Runge",-397.362100564592,2,0.000683124870826269,-397.362100564592,2,0.000683124870826268,-1.13686837721616e-13,0,9.75781955236954e-19
"3","1",2000,250,"Runge",-386.722921058544,2,0.000510992244001513,-386.722921058543,2,0.00051099224400152,-1.13686837721616e-13,0,-6.17995238316738e-18
"3","1",2000,250,"Runge",-378.085363033504,2,0.00211888086151555,-378.085363033504,2,0.00211888086151555,0,0,-5.20417042793042e-18
"3","1",2000,250,"Runge",-413.558461492317,4,0.000732346453080842,-424.665895113406,3,0.000542336700262421,11.1074336210893,1,0.000190009752818421
"3","1",2000,250,"Runge",-358.539778426882,4,0.00244895482632489,-402.302006944188,3,0.000521689897235036,43.762228517306,1,0.00192726492908986
"3","1",2000,250,"Runge",-419.601069089239,4,0.00164044440426415,-430.487758682556,3,0.0012543488843062,10.8866895933176,1,0.000386095519957949
"3","1",2000,250,"Runge",-363.157637171328,2,0.000409603818012252,-363.157637171328,2,0.000409603818012253,0,0,-6.50521303491303e-19
"3","1",2000,250,"Runge",-353.104850508298,4,0.00248400050420813,-390.652785994435,3,0.000726562133566829,37.5479354861372,1,0.0017574383706413
"3","1",2000,250,"Runge",-398.375295223821,4,0.00197513656653145,-424.856928135347,3,0.000884478892646939,26.4816329115266,1,0.00109065767388451
"3","1",2000,250,"Runge",-382.049606251539,4,0.00198034715061498,-418.823203478475,3,0.000474950935774159,36.7735972269359,1,0.00150539621484082
"3","1",2000,250,"Runge",-401.034393584944,2,0.000426385186002685,-427.571750291396,3,0.000756413704642615,26.537356706452,-1,-0.00033002851863993
"3","1",2000,250,"Runge",-378.027983797382,4,0.00185562865351542,-419.496862274504,3,0.000794136269136614,41.4688784771229,1,0.0010614923843788
"3","1",2000,250,"Runge",-412.644113020598,2,0.00145494568044715,-452.227197577455,3,0.000247571045362933,39.5830845568565,-1,0.00120737463508422
"3","1",2000,250,"Runge",-391.610016785033,2,0.00146039071733662,-391.610016785033,2,0.00146039071733662,1.13686837721616e-13,0,-2.16840434497101e-18
"3","1",2000,250,"Runge",-359.92950946614,4,0.00167487086197393,-362.113488934561,3,0.00176634374906077,2.183979468421,1,-9.14728870868343e-05
"3","1",2000,250,"Runge",-404.517599651165,2,0.000632580337366526,-404.517599651165,2,0.000632580337366522,-1.13686837721616e-13,0,4.01154803819637e-18
"3","1",2000,250,"Runge",-401.479047762215,2,0.000785850555469326,-401.479047762215,2,0.000785850555469329,0,0,-3.46944695195361e-18
"3","1",2000,250,"Runge",-354.089967464622,4,0.00263317568629158,-419.969777220898,3,0.000558849129769546,65.8798097562765,1,0.00207432655652203
"3","1",2000,250,"Runge",-366.337000392572,2,0.00380021840774799,-413.011669970223,4,0.00114105068720331,46.6746695776509,-2,0.00265916772054469
"3","1",2000,250,"Runge",-381.054623921585,2,0.000726799931041116,-399.238822912677,3,0.000420184789902496,18.1841989910918,-1,0.00030661514113862
"3","1",2000,250,"Runge",-368.577786592244,4,0.00176050471219344,-411.634428828718,3,0.00042438615265314,43.056642236474,1,0.0013361185595403
"3","1",2000,250,"Runge",-365.703196509331,4,0.00319012857297618,-409.378594690952,3,0.00125221096040185,43.6753981816211,1,0.00193791761257433
"3","1",2000,250,"Runge",-393.568723123829,4,0.00239182144863197,-447.281728186378,4,0.00102448944978301,53.713005062549,0,0.00136733199884896
"3","1",2000,250,"Runge",-354.975518804135,4,0.00317851798770757,-407.868789952968,3,0.00110427146722747,52.8932711488336,1,0.0020742465204801
"3","1",2000,250,"Runge",-419.869696820708,4,0.00134120007683789,-456.107443588884,3,0.000588904634993665,36.2377467681757,1,0.000752295441844227
"3","1",2000,250,"Runge",-399.979411023088,2,0.000558524306000539,-399.979411023088,2,0.000558524306000541,0,0,-1.40946282423116e-18
"3","1",2000,250,"Runge",-378.590507130615,4,0.00111885556344368,-414.822510882745,3,0.000361608502624887,36.2320037521303,1,0.000757247060818792
"3","1",2000,250,"Runge",-379.412749466462,4,0.0017654353950796,-401.403729720175,3,0.000588193739296217,21.9909802537128,1,0.00117724165578339
"3","1",2000,250,"Runge",-438.940526808778,2,0.000301261258829439,-438.940526808778,2,0.000301261258829437,0,0,2.65629532258949e-18
"3","1",2000,250,"Runge",-305.278387618712,4,0.0031111107819122,-362.487173208426,3,0.000506578710285574,57.2087855897144,1,0.00260453207162663
"3","1",2000,250,"Runge",-379.627714550769,4,0.00183389843347322,-405.388033464457,3,0.00106184154111228,25.7603189136871,1,0.000772056892360942
"3","1",2000,250,"Runge",-372.617583710979,4,0.00182365761138797,-372.617583710979,4,0.00182365761138799,-2.27373675443232e-13,0,-2.08166817117217e-17
"3","1",2000,250,"Runge",-403.583809495054,2,0.00196136791187709,-435.970572466689,3,0.000497681177370531,32.3867629716351,-1,0.00146368673450656
"3","1",2000,250,"Runge",-394.92098525469,2,0.0010272597977539,-412.266139761016,3,0.000707488875853018,17.3451545063262,-1,0.000319770921900883
"3","1",2000,250,"Runge",-381.880039374447,2,0.0013500703765319,-390.114899902644,3,0.000864907596876527,8.23486052819635,-1,0.000485162779655368
"3","1",2000,250,"Runge",-382.69188084689,4,0.00163597130821025,-411.914904710358,3,0.000638601289078372,29.2230238634683,1,0.000997370019131874
"3","1",2000,250,"Runge",-382.163169469177,2,0.00164313946149812,-392.305692443724,4,0.00111123150708035,10.1425229745475,-2,0.00053190795441777
"3","1",2000,250,"Runge",-372.292971217777,2,0.000879200928802328,-372.292971217777,2,0.000879200928802324,0,0,3.46944695195361e-18
"3","1",2000,250,"Runge",-394.180573001059,4,0.00157348100395951,-407.656416077197,3,0.00125249406172196,13.4758430761379,1,0.000320986942237545
"3","1",2000,250,"Runge",-335.014299923206,4,0.00216882770128892,-376.281126447126,4,0.00105144649795741,41.2668265239198,0,0.00111738120333152
"3","1",2000,250,"Runge",-331.14930612841,4,0.00370685011472796,-381.187996494815,3,0.000741362173026736,50.0386903664049,1,0.00296548794170123
"3","1",2000,250,"Runge",-379.242524223252,4,0.002190906564294,-428.35161128987,3,0.000540931376173619,49.1090870666176,1,0.00164997518812038
"3","1",2000,250,"Runge",-381.765950292536,2,0.00134132925709624,-381.765950292536,2,0.00134132925709624,-2.27373675443232e-13,0,1.95156391047391e-18
"3","1",2000,250,"Runge",-361.232365985654,4,0.00320328539023678,-434.386104325104,3,0.000325922111739299,73.1537383394501,1,0.00287736327849748
"3","1",2000,250,"Runge",-340.537330180491,4,0.00203340184220509,-398.35380535067,3,0.000323702487766351,57.8164751701792,1,0.00170969935443874
"3","1",2000,250,"Runge",-393.503355583029,2,0.000886262795615622,-393.503355583029,2,0.00088626279561562,0,0,1.40946282423116e-18
"3","1",2000,250,"Runge",-358.639225675473,4,0.00199067500301743,-428.484639246498,3,0.000571631240481628,69.8454135710248,1,0.0014190437625358
"3","1",2000,250,"Runge",-404.717459768292,2,0.00114440448272082,-404.717459768292,2,0.00114440448272082,0,0,-2.38524477946811e-18
"3","1",2000,250,"Runge",-403.71268807054,4,0.00217150031372717,-450.858833819749,3,0.000455024773565762,47.1461457492088,1,0.00171647554016141
"3","1",2000,250,"Runge",-344.406470285532,4,0.00283721351920943,-403.603889135207,3,0.000839540390643307,59.1974188496743,1,0.00199767312856612
"3","1",2000,250,"Runge",-376.894503732219,4,0.00143061056139393,-401.426495180635,3,0.000673246337173071,24.531991448416,1,0.000757364224220863
"3","1",2000,250,"Runge",-414.678244998697,2,0.000851856482681427,-414.678244998697,2,0.000851856482681426,0,0,8.67361737988404e-19
"3","1",2000,250,"Runge",-326.027585697361,4,0.00193937920187214,-383.789503696579,3,0.000583482487131089,57.7619179992176,1,0.00135589671474105
"3","1",2000,250,"Runge",-392.59022378429,4,0.00143469697290713,-403.194101668975,3,0.00115495250979619,10.6038778846848,1,0.000279744463110935
"3","1",2000,250,"Runge",-377.980160849018,4,0.00146824478039672,-403.796141859355,3,0.000782650439449378,25.8159810103374,1,0.000685594340947339
"3","1",2000,250,"Runge",-366.787970356078,2,0.00239253728278941,-391.041548294686,4,0.000913227162988497,24.2535779386079,-2,0.00147931011980091
"3","1",2000,250,"Runge",-322.487687271035,4,0.00304934426166156,-382.181747944361,3,0.000665039808211451,59.6940606733264,1,0.00238430445345011
"3","1",2000,250,"Runge",-351.793459744702,4,0.00190565587899319,-389.691078954968,3,0.00040788420832569,37.8976192102658,1,0.0014977716706675
"3","1",2000,250,"Runge",-298.323176412475,4,0.00464450869196767,-395.985773638556,3,0.000557089806272091,97.6625972260804,1,0.00408741888569557
"3","1",2000,250,"Runge",-375.197364039129,4,0.00123709811702267,-390.766538134716,3,0.000800076811204719,15.5691740955866,1,0.000437021305817952
"4","1",2000,250,"Trigonometric",103.185067861246,4,0.0616922864824534,-312.632477346719,4,0.00369298426584243,415.817545207965,0,0.057999302216611
"4","1",2000,250,"Trigonometric",132.421848392393,4,0.07418605465954,-122.527548148489,4,0.0222339137477291,254.949396540882,0,0.0519521409118108
"4","1",2000,250,"Trigonometric",102.549380329221,4,0.06411274640333,-281.083575891214,3,0.0074006632364049,383.632956220435,1,0.0567120831669251
"4","1",2000,250,"Trigonometric",139.10883276281,4,0.0789686868905408,-227.019578548977,4,0.00742366101714994,366.128411311787,0,0.0715450258733909
"4","1",2000,250,"Trigonometric",127.162076733748,4,0.075426536618634,-177.400619114698,4,0.0145121494394463,304.562695848445,0,0.0609143871791877
"4","1",2000,250,"Trigonometric",68.4316885161104,4,0.0609987640304959,-73.8788488050936,3,0.0273630439200238,142.310537321204,1,0.0336357201104721
"4","1",2000,250,"Trigonometric",84.0452501447389,4,0.0623877938168401,-178.749626177254,4,0.0189166741616743,262.794876321993,0,0.0434711196551658
"4","1",2000,250,"Trigonometric",94.9297101407356,4,0.0638425791978163,-324.799074105506,4,0.00361570344828355,419.728784246242,0,0.0602268757495328
"4","1",2000,250,"Trigonometric",-205.391876560811,2,0.013959063098069,-330.443775695126,4,0.00375269008195678,125.051899134315,-2,0.0102063730161122
"4","1",2000,250,"Trigonometric",64.6244864286987,4,0.0553270038983292,-382.409411658942,4,0.00104770886437499,447.033898087641,0,0.0542792950339543
"4","1",2000,250,"Trigonometric",55.0387877256202,4,0.0507751235287131,-367.967627471474,4,0.00157817930694413,423.006415197094,0,0.049196944221769
"4","1",2000,250,"Trigonometric",112.782939776644,4,0.0694647966787046,-412.310535672097,4,0.000620712015600917,525.09347544874,0,0.0688440846631037
"4","1",2000,250,"Trigonometric",129.691647925242,4,0.0732663635076776,-284.986573062147,4,0.00672770971825839,414.67822098739,0,0.0665386537894192
"4","1",2000,250,"Trigonometric",18.7277932896219,4,0.0468219648503528,-395.070938495393,4,0.00125878196962919,413.798731785015,0,0.0455631828807236
"4","1",2000,250,"Trigonometric",42.2320354878865,4,0.0502359414468035,-388.751995617483,4,0.00134610301105668,430.984031105369,0,0.0488898384357468
"4","1",2000,250,"Trigonometric",139.663759926058,4,0.0798006227570005,-135.654590300295,4,0.0201878262196922,275.318350226353,0,0.0596127965373083
"4","1",2000,250,"Trigonometric",83.6090346825845,4,0.0607918120354064,-412.420534306547,4,0.0010483381747331,496.029568989132,0,0.0597434738606733
"4","1",2000,250,"Trigonometric",108.43992622968,4,0.0667839296406685,-276.832044440115,4,0.00558981468033301,385.271970669795,0,0.0611941149603355
"4","1",2000,250,"Trigonometric",91.0040297064571,4,0.0623231877807646,-343.532290950015,4,0.00259122012863733,434.536320656472,0,0.0597319676521273
"4","1",2000,250,"Trigonometric",-191.780363239042,2,0.0150821449623005,-384.327476031382,4,0.00133204051041036,192.547112792341,-2,0.0137501044518902
"4","1",2000,250,"Trigonometric",134.392734820014,4,0.0752082848368115,-84.7865760937509,4,0.0255680518973533,219.179310913765,0,0.0496402329394582
"4","1",2000,250,"Trigonometric",120.494991253349,4,0.0703067453819533,-92.4240205793706,3,0.0249382625950288,212.91901183272,1,0.0453684827869245
"4","1",2000,250,"Trigonometric",156.902615714892,4,0.0779313968429077,-345.395630173408,3,0.00214828920526249,502.2982458883,1,0.0757831076376452
"4","1",2000,250,"Trigonometric",54.5849061064041,4,0.0499468426177814,-394.979690482013,4,0.0021013879417467,449.564596588417,0,0.0478454546760347
"4","1",2000,250,"Trigonometric",173.089370905619,4,0.0886684970472614,-328.667473642261,4,0.00386890756317183,501.756844547879,0,0.0847995894840896
"4","1",2000,250,"Trigonometric",156.747384453727,4,0.089222959527333,-357.220992585782,4,0.00221471156473491,513.96837703951,0,0.0870082479625981
"4","1",2000,250,"Trigonometric",140.146595097465,4,0.0750475274471691,-367.863602945211,3,0.00139213946607043,508.010198042677,1,0.0736553879810987
"4","1",2000,250,"Trigonometric",-44.7509112863828,2,0.0335263570903131,-375.653158396951,4,0.00268846740775958,330.902247110568,-2,0.0308378896825536
"4","1",2000,250,"Trigonometric",112.387615246087,4,0.0681279700208805,-323.260202477851,4,0.00310555567395702,435.647817723938,0,0.0650224143469234
"4","1",2000,250,"Trigonometric",80.1960570081102,4,0.0625373812608713,-337.893826652731,4,0.00362851641733809,418.089883660842,0,0.0589088648435332
"4","1",2000,250,"Trigonometric",-71.8408831182907,2,0.0260784747586344,-343.35915771939,3,0.0015967378656084,271.5182746011,-1,0.024481736893026
"4","1",2000,250,"Trigonometric",40.3997756988928,4,0.0542647076664074,-408.841501065341,4,0.00123418820128629,449.241276764234,0,0.0530305194651211
"4","1",2000,250,"Trigonometric",188.693039293197,4,0.0947342493914249,-362.382128809961,4,0.00282554316292979,551.075168103157,0,0.0919087062284951
"4","1",2000,250,"Trigonometric",116.223974992254,4,0.0693750226111119,-204.686525911735,4,0.011162364939625,320.910500903989,0,0.0582126576714869
"4","1",2000,250,"Trigonometric",64.8264793813382,4,0.0567429610864184,-216.05073960451,4,0.0144682319009036,280.877218985848,0,0.0422747291855148
"4","1",2000,250,"Trigonometric",99.2004985050355,4,0.0564563761372298,-343.930403642419,3,0.0015248065547566,443.130902147454,1,0.0549315695824732
"4","1",2000,250,"Trigonometric",127.971156955036,4,0.0722936825758922,-235.681841848465,3,0.00834931086354835,363.652998803501,1,0.0639443717123439
"4","1",2000,250,"Trigonometric",37.894014741657,4,0.0535159599432252,-370.635754372588,3,0.00290143003897361,408.529769114245,1,0.0506145299042516
"4","1",2000,250,"Trigonometric",90.115421680131,4,0.0640222763009882,-393.975520606776,4,0.00174334293051816,484.090942286907,0,0.06227893337047
"4","1",2000,250,"Trigonometric",170.614702152407,4,0.0948059919411009,-283.621841374851,4,0.00759623000041581,454.236543527258,0,0.0872097619406851
"4","1",2000,250,"Trigonometric",106.763797732934,4,0.0691634339075877,-312.385096456271,3,0.00567395248846116,419.148894189205,1,0.0634894814191265
"4","1",2000,250,"Trigonometric",141.265415342415,4,0.0823997551268565,-347.963052469518,3,0.00313577871685031,489.228467811933,1,0.0792639764100062
"4","1",2000,250,"Trigonometric",9.9419201413775,4,0.0462856465091565,-410.978214949088,3,0.00237701475599674,420.920135090465,1,0.0439086317531597
"4","1",2000,250,"Trigonometric",175.266452147514,4,0.0903285428290244,-387.512154345632,4,0.00244854307140714,562.778606493146,0,0.0878799997576172
"4","1",2000,250,"Trigonometric",163.888188600031,4,0.0809294443478572,-258.580887050043,4,0.00663920647973644,422.469075650074,0,0.0742902378681208
"4","1",2000,250,"Trigonometric",142.173030769492,4,0.0765079723541268,-203.531901468207,4,0.0168285837289482,345.704932237699,0,0.0596793886251786
"4","1",2000,250,"Trigonometric",173.369148314471,4,0.0883749608888095,-424.76892733759,4,0.000817949681877689,598.13807565206,0,0.0875570112069318
"4","1",2000,250,"Trigonometric",129.424912773866,4,0.0734158321388267,-336.961818135038,4,0.00303762686690322,466.386730908904,0,0.0703782052719235
"4","1",2000,250,"Trigonometric",-31.4871399243244,4,0.0361344430997948,-384.404901869632,4,0.00205004335248508,352.917761945307,0,0.0340843997473097
"4","1",2000,250,"Trigonometric",119.749635707132,4,0.070071613134205,-264.182845514316,4,0.0100055436025937,383.932481221448,0,0.0600660695316113
"4","1",2000,250,"Trigonometric",-81.7867603443618,2,0.0229608810543912,-347.297461881806,4,0.00278119056144837,265.510701537444,-2,0.0201796904929428
"4","1",2000,250,"Trigonometric",180.093492820378,4,0.0952436991684995,-406.105828146671,4,0.00327273541651081,586.199320967049,0,0.0919709637519887
"4","1",2000,250,"Trigonometric",75.0175842992365,4,0.0573914391146493,-156.315084178671,4,0.0183639887276509,231.332668477908,0,0.0390274503869984
"4","1",2000,250,"Trigonometric",-38.9257501745356,4,0.0331647402318635,-377.36554090975,4,0.00175021142051965,338.439790735215,0,0.0314145288113438
"4","1",2000,250,"Trigonometric",112.184445875134,4,0.0661344314245591,-364.671065672862,4,0.00297036052572084,476.855511547996,0,0.0631640708988383
"4","1",2000,250,"Trigonometric",110.47786021941,4,0.0645465201757435,-393.049645672078,4,0.00187962188605256,503.527505891488,0,0.0626668982896909
"4","1",2000,250,"Trigonometric",61.4421054573339,4,0.0581839187279342,-354.416309058864,3,0.0016809762083134,415.858414516198,1,0.0565029425196208
"4","1",2000,250,"Trigonometric",57.9440234061965,4,0.046489839090899,-379.351964176005,3,0.00281803974917073,437.295987582201,1,0.0436717993417282
"4","1",2000,250,"Trigonometric",118.160895340694,4,0.0674648373191161,-158.693677928892,4,0.0156484426887355,276.854573269587,0,0.0518163946303806
"4","1",2000,250,"Trigonometric",64.7492427462738,4,0.0567397763390617,-166.986218273522,3,0.0195518159087238,231.735461019796,1,0.0371879604303379
"4","1",2000,250,"Trigonometric",116.058488551971,4,0.0714099003468204,-315.984683749899,4,0.00512843538560608,432.043172301869,0,0.0662814649612143
"4","1",2000,250,"Trigonometric",-8.0572267223012,4,0.0395325322199783,-423.889580200501,4,0.000844844761762902,415.8323534782,0,0.0386876874582154
"4","1",2000,250,"Trigonometric",113.319345661501,4,0.0698345452623034,-356.405986355121,3,0.00361340261992546,469.725332016621,1,0.066221142642378
"4","1",2000,250,"Trigonometric",179.912275138461,4,0.0826494315948641,-243.108899044597,4,0.0082030342492184,423.021174183058,0,0.0744463973456457
"4","1",2000,250,"Trigonometric",10.4296054713986,4,0.0455855399551779,-393.539980801751,4,0.00175916995368973,403.96958627315,0,0.0438263700014882
"4","1",2000,250,"Trigonometric",97.9156469455678,4,0.0680081293500965,-378.57738528023,4,0.00292108292795072,476.493032225798,0,0.0650870464221458
"4","1",2000,250,"Trigonometric",85.7725576811076,4,0.0635702963779248,-155.004159462269,4,0.0174370562179585,240.776717143377,0,0.0461332401599663
"4","1",2000,250,"Trigonometric",111.205898900901,4,0.0680816587541743,-301.163889279888,4,0.00724172642283874,412.369788180789,0,0.0608399323313356
"4","1",2000,250,"Trigonometric",154.068641942698,4,0.0796863452635388,-243.457712845381,4,0.0106518283690892,397.526354788079,0,0.0690345168944496
"4","1",2000,250,"Trigonometric",103.957286946001,4,0.0683249500525624,-313.823160000114,4,0.00255074683988103,417.780446946115,0,0.0657742032126813
"4","1",2000,250,"Trigonometric",135.775414519855,4,0.0835673605083778,-196.668524863573,4,0.0116197882082552,332.443939383428,0,0.0719475723001226
"4","1",2000,250,"Trigonometric",121.584064259296,4,0.070391679439399,-374.82183894167,4,0.00179523318060138,496.405903200966,0,0.0685964462587977
"4","1",2000,250,"Trigonometric",101.710526729837,4,0.0650646277771607,-336.911329766101,4,0.00559513203130567,438.621856495938,0,0.059469495745855
"4","1",2000,250,"Trigonometric",90.0093168983453,4,0.0638822330923912,-402.756725121072,4,0.00184338990486061,492.766042019417,0,0.0620388431875306
"4","1",2000,250,"Trigonometric",90.4632201411103,4,0.0652632594348297,-393.092322961959,4,0.00171387426689748,483.555543103069,0,0.0635493851679322
"4","1",2000,250,"Trigonometric",159.693472714788,4,0.0818762907289607,-372.121739585679,4,0.00102968685398387,531.815212300467,0,0.0808466038749769
"4","1",2000,250,"Trigonometric",135.233989561699,4,0.0739377063311194,-367.134224473835,4,0.000960297643912004,502.368214035535,0,0.0729774086872074
"4","1",2000,250,"Trigonometric",44.2214674809201,4,0.0542774236428162,-368.506467219515,4,0.00199189644009607,412.727934700435,0,0.0522855272027201
"4","1",2000,250,"Trigonometric",95.671040422259,4,0.0652298484574268,-319.146787714565,4,0.00482754449756985,414.817828136824,0,0.0604023039598569
"4","1",2000,250,"Trigonometric",-24.4526261135226,4,0.038645836067769,-404.54846162884,4,0.00135311379453777,380.095835515318,0,0.0372927222732313
"4","1",2000,250,"Trigonometric",114.352794872952,4,0.0703306066432276,-208.192639064993,4,0.0147214759755313,322.545433937946,0,0.0556091306676963
"4","1",2000,250,"Trigonometric",147.59335623811,4,0.0800338082919591,-356.134016307603,4,0.000964192166088538,503.727372545712,0,0.0790696161258705
"4","1",2000,250,"Trigonometric",113.148711665426,4,0.0662717182255742,-370.259349780689,3,0.00141396774301785,483.408061446115,1,0.0648577504825564
"4","1",2000,250,"Trigonometric",120.360525083556,4,0.0733390784732406,-340.762999686526,4,0.00251488350865842,461.123524770082,0,0.0708241949645822
"4","1",2000,250,"Trigonometric",48.4905182039297,4,0.0566344050446871,-397.919146455625,4,0.00141959339998733,446.409664659555,0,0.0552148116446998
"4","1",2000,250,"Trigonometric",87.4979032788063,4,0.0639518717603762,-309.117761516336,4,0.00230797865424558,396.615664795143,0,0.0616438931061307
"4","1",2000,250,"Trigonometric",46.3991478814163,4,0.0528654725912794,-385.178063829689,4,0.00234625721765324,431.577211711105,0,0.0505192153736261
"4","1",2000,250,"Trigonometric",48.1768130134484,4,0.0489816341016807,-283.958448835887,4,0.00630204168613614,332.135261849335,0,0.0426795924155445
"4","1",2000,250,"Trigonometric",-303.260076839148,3,0.00670792357193513,-389.713288482695,4,0.00133196753062894,86.4532116435469,-1,0.00537595604130619
"4","1",2000,250,"Trigonometric",119.118625050136,4,0.0739881055068214,-235.240785092688,4,0.0108679255582983,354.359410142823,0,0.0631201799485231
"4","1",2000,250,"Trigonometric",160.14483315773,4,0.0923465636935823,-357.083067867618,4,0.00234740380448234,517.227901025348,0,0.0899991598891
"4","1",2000,250,"Trigonometric",115.356692669787,4,0.0675296303304454,-390.931407820016,3,0.00137130823311646,506.288100489803,1,0.0661583220973289
"4","1",2000,250,"Trigonometric",179.406495997931,4,0.0912982457326202,-196.267472425799,4,0.0130098497701477,375.67396842373,0,0.0782883959624725
"4","1",2000,250,"Trigonometric",61.0601150806952,4,0.0512516726073442,-393.085923591166,4,0.000572541267312249,454.146038671861,0,0.0506791313400319
"4","1",2000,250,"Trigonometric",154.768263030495,4,0.0834423885952856,-341.733666279255,4,0.00295876118273142,496.501929309751,0,0.0804836274125542
"4","1",2000,250,"Trigonometric",123.792697750427,4,0.0699597042414623,-378.890939854785,4,0.00146210544954754,502.683637605212,0,0.0684975987919148
"4","1",2000,250,"Trigonometric",-0.777720734293673,4,0.0402684177460577,-385.872473258165,4,0.00107443624831176,385.094752523872,0,0.039193981497746
"4","1",2000,250,"Trigonometric",120.10768557237,4,0.0712667144897884,-408.966152480754,4,0.00061997622671546,529.073838053124,0,0.0706467382630729
"4","1",2000,250,"Trigonometric",92.4592643515422,4,0.058602514685355,-213.856495723242,4,0.0112160614164084,306.315760074784,0,0.0473864532689466
"4","1",2000,250,"Trigonometric",145.355039602069,4,0.0792308397612318,-141.995941306062,4,0.0193836666795638,287.350980908131,0,0.059847173081668
