"generator_index","generator_sample_index","n","gen_fn","bic_a0","nknots_a0","mse_a0","mse_a0_uniform_x","bic_a1","nknots_a1","mse_a1","mse_a1_uniform_x","bic_diff","mse_diff","mse_diff_uniform_x","nknots_diff"
"1","1",200,"logistic",-312.573385498712,2,0.00167461796259439,0.0132027877703098,-314.757132346737,2,0.00158685801440813,0.0120382492241005,2.18374684802461,8.77599481862569e-05,0.00116453854620936,0
"1","1",200,"logistic",-303.311542230902,4,0.00144486685541915,0.00299971797004939,-322.913750817877,4,0.000294368648980866,0.000493514016459054,19.6022085869741,0.00115049820643828,0.00250620395359034,0
"1","1",200,"logistic",-321.933518699704,4,0.000815929406070844,0.00229337008973253,-328.172717516664,2,0.000751926524449722,0.00289323354595264,6.23919881695991,6.4002881621122e-05,-0.00059986345622011,2
"1","1",200,"logistic",-340.504421364658,2,0.00037335660672534,0.00185241687093577,-340.504421364658,2,0.000373356606725341,0.00185241687093578,0,-6.50521303491303e-19,-5.20417042793042e-18,0
"1","1",200,"logistic",-326.801015709286,4,0.000926137878386458,0.00365772443199749,-347.253893344246,3,0.000410193405088564,0.000793005039116053,20.4528776349605,0.000515944473297893,0.00286471939288143,1
"1","1",200,"logistic",-338.501715802934,2,0.000428372246969536,0.000506787553255711,-348.101975407956,3,0.000263286556212647,0.000697740906145961,9.60025960502213,0.000165085690756889,-0.00019095335289025,-1
"1","1",200,"logistic",-310.593092876668,4,0.000617923553757009,0.00117521569609888,-313.202629987502,3,0.000530902340936264,0.00122202638503704,2.60953711083403,8.7021212820745e-05,-4.68106889381663e-05,1
"1","1",200,"logistic",-339.508140964579,4,0.000350750367128395,0.000730328188688641,-346.372946824211,4,9.87817965241527e-05,5.72931466995901e-05,6.86480585963176,0.000251968570604242,0.000673035041989051,0
"1","1",200,"logistic",-321.620411455292,2,0.00132351764972443,0.00251903330826908,-324.038439692781,3,0.000673399518824895,0.000981363438331448,2.41802823748941,0.000650118130899539,0.00153766986993763,-1
"1","1",200,"logistic",-313.563384914618,2,0.000522777134891104,0.00159967482936647,-326.729576710706,3,0.000194028449878151,0.000193510068177263,13.1661917960884,0.000328748685012953,0.00140616476118921,-1
"1","1",200,"logistic",-327.244273720508,2,0.000464854778455523,0.00171076105206224,-327.244273720508,2,0.000464854778455524,0.00171076105206224,0,-1.40946282423116e-18,-3.90312782094782e-18,0
"1","1",200,"logistic",-325.857617308649,3,0.000371654368732411,0.00191008929918282,-330.634190793618,2,0.000444947410160225,0.00220130190620652,4.77657348496814,-7.3293041427814e-05,-0.000291212607023708,1
"1","1",200,"logistic",-299.573681148726,4,0.000979712570692538,0.00176144327332055,-325.550302718641,3,0.000241835978303832,0.00053419967211646,25.9766215699147,0.000737876592388707,0.00122724360120409,1
"1","1",200,"logistic",-322.196219863361,2,0.0013610363587645,0.00329664323691794,-330.824952725818,3,0.000354274917236015,0.000832424260697629,8.62873286245622,0.00100676144152848,0.00246421897622031,-1
"1","1",200,"logistic",-311.263402456227,4,0.000777464940270723,0.00334914911579718,-326.657783214928,3,0.000224829851601637,0.00147307852049911,15.3943807587015,0.000552635088669086,0.00187607059529807,1
"1","1",200,"logistic",-319.083604215233,4,0.00069616703483588,0.00130148700250598,-338.585392140273,4,0.00032790602652981,0.00193971887689707,19.5017879250403,0.00036826100830607,-0.00063823187439109,0
"1","1",200,"logistic",-352.496122259405,4,0.000747943229209989,0.000979993004374611,-361.637471238742,4,0.000534349812299379,0.000537657929002736,9.14134897933673,0.00021359341691061,0.000442335075371875,0
"1","1",200,"logistic",-353.576369894226,2,0.000840051333790513,0.00220340290468693,-361.856109656625,3,0.000356035467218274,0.000475453110409277,8.279739762399,0.00048401586657224,0.00172794979427765,-1
"1","1",200,"logistic",-279.428779222542,4,0.00195706408630529,0.0107861205503229,-314.766139584501,3,0.000195466458001787,0.00230663758229857,35.3373603619594,0.0017615976283035,0.00847948296802431,1
"1","1",200,"logistic",-309.322624117043,2,0.000440115124968277,0.000587318441611745,-309.087638408292,3,0.000229032287786915,0.000420634401977996,-0.234985708751879,0.000211082837181362,0.000166684039633749,-1
"1","1",200,"logistic",-297.265389142247,2,0.00150288817671876,0.0044104606476635,-310.62452322075,3,0.000282951250114308,0.000592642516307142,13.3591340785031,0.00121993692660446,0.00381781813135635,-1
"1","1",200,"logistic",-342.879783439313,2,0.000953928343578697,0.00454582390455009,-348.285513611796,2,0.00104753680229137,0.00738524662845253,5.40573017248357,-9.36084587126777e-05,-0.00283942272390244,0
"1","1",200,"logistic",-296.727479490044,3,0.00029840526127365,0.000685736315664774,-296.727479490044,3,0.000298405261273652,0.000685736315664774,0,-1.84314369322536e-18,-2.16840434497101e-19,0
"1","1",200,"logistic",-297.199787376168,4,0.00161566896336155,0.00674799444859087,-314.785738170311,3,0.000296446769370009,0.00276306964549185,17.5859507941427,0.00131922219399154,0.00398492480309902,1
"1","1",200,"logistic",-298.749309256244,4,0.000923329319963688,0.00120782652495951,-325.101182930432,3,0.00066517012684669,0.00102058008913631,26.3518736741876,0.000258159193116998,0.000187246435823204,1
"1","1",200,"logistic",-299.549172915048,4,0.00157553671134421,0.00428622697806783,-341.529519184633,3,0.000487791805651106,0.00141835795954689,41.9803462695842,0.00108774490569311,0.00286786901852094,1
"1","1",200,"logistic",-296.790908072108,4,0.000697823825271249,0.00151148709819648,-308.644022687711,4,0.000314069799883347,0.000451784684948791,11.8531146156034,0.000383754025387902,0.00105970241324769,0
"1","1",200,"logistic",-292.410424873352,2,0.0018325019228193,0.00918641938667742,-296.272314369888,3,0.000893466650439205,0.00461112667911638,3.86188949653672,0.000939035272380094,0.00457529270756104,-1
"1","1",200,"logistic",-309.301724104019,2,0.00251095026705641,0.0137783678004717,-321.348909977145,3,0.000784726529311012,0.00546613229141335,12.0471858731253,0.00172622373774539,0.00831223550905833,-1
"1","1",200,"logistic",-298.290195020514,4,0.000455012502146848,0.000581145830236238,-301.498531796016,3,0.000581623860372584,0.00084501162105345,3.20833677550206,-0.000126611358225737,-0.000263865790817212,1
"1","1",200,"logistic",-301.019122016853,4,0.00107863832645272,0.00350382610781927,-333.661558593215,3,0.000545205858540787,0.00279899295354841,32.6424365763616,0.000533432467911936,0.000704833154270862,1
"1","1",200,"logistic",-300.220481984686,4,0.00137266338089467,0.00479638709371158,-310.365641727017,3,0.000633632301366536,0.00214229031600785,10.1451597423311,0.000739031079528138,0.00265409677770373,1
"1","1",200,"logistic",-306.547141700068,4,0.00115288142609104,0.0102811713934914,-317.682528897065,4,0.000405882494334668,0.00566619793119913,11.1353871969969,0.000746998931756368,0.0046149734622923,0
"1","1",200,"logistic",-309.531817050693,2,0.00150247187525623,0.00389426309214688,-338.075512692977,3,0.000333925098941691,0.00099316550224132,28.5436956422843,0.00116854677631454,0.00290109758990556,-1
"1","1",200,"logistic",-321.611675403167,2,0.00104525797538374,0.00394975123703286,-322.756344801746,2,0.00104901501386134,0.00354572713636189,1.14466939857857,-3.75703847759639e-06,0.000404024100670974,0
"1","1",200,"logistic",-321.824294652669,2,0.00058919188673517,0.00128106805992066,-325.21501780176,3,0.000248622551058648,0.000409214695579358,3.39072314909129,0.000340569335676522,0.000871853364341303,-1
"1","1",200,"logistic",-289.491103200549,2,0.000765188741650551,0.0014209245212538,-293.462319168209,3,0.000243161719068707,0.000438341912817562,3.97121596765965,0.000522027022581844,0.000982582608436239,-1
"1","1",200,"logistic",-324.285995184256,4,0.000729387487727123,0.00155427665257707,-336.155101024893,3,0.000332596808813039,0.000940092908243658,11.8691058406373,0.000396790678914085,0.000614183744333407,1
"1","1",200,"logistic",-317.121354084423,2,0.000884926590628101,0.0013830561635,-330.031335886685,4,0.000480810441822076,0.000763215901342712,12.9099818022621,0.000404116148806025,0.000619840262157284,-2
"1","1",200,"logistic",-338.882018683144,2,0.0010218432619792,0.0016612386214756,-346.440467857868,3,0.000469754332885542,0.000813755557715997,7.55844917472405,0.000552088929093662,0.000847483063759607,-1
"1","1",200,"logistic",-333.207299409146,4,0.000860843099173919,0.00144894921592997,-350.350626435447,4,0.000410200069848578,0.000417324679109971,17.1433270263013,0.00045064302932534,0.00103162453682,0
"1","1",200,"logistic",-275.799481336007,4,0.000917032232355182,0.00324694937880825,-296.41843376567,3,0.000649152915663163,0.00147359222131008,20.618952429664,0.000267879316692018,0.00177335715749817,1
"1","1",200,"logistic",-278.832550032226,4,0.00151104595594619,0.00357674715352975,-298.75288954933,4,0.000802339363603992,0.000938115260595616,19.9203395171043,0.0007087065923422,0.00263863189293413,0
"1","1",200,"logistic",-341.901260417693,4,0.00050884446234579,0.000801013422847555,-342.803813322023,3,0.000636467623993226,0.00111675507514627,0.902552904329468,-0.000127623161647436,-0.000315741652298715,1
"1","1",200,"logistic",-337.946419567458,4,0.000352278719335789,0.00101822541370539,-352.670706823801,3,0.00011316013803101,0.000394184772624857,14.7242872563424,0.00023911858130478,0.000624040641080529,1
"1","1",200,"logistic",-308.755008636635,3,0.0010441389373972,0.00148597300507882,-311.284888286066,2,0.000674841546816794,0.000877219988004101,2.52987964943077,0.000369297390580409,0.000608753017074721,1
"1","1",200,"logistic",-287.05597319379,4,0.000842841239957671,0.00213282379807353,-292.832173612978,4,0.000532558772610908,0.00134665565815182,5.77620041918811,0.000310282467346763,0.000786168139921714,0
"1","1",200,"logistic",-333.856322906683,2,0.000866445318797751,0.00129991669014435,-344.333995745453,3,0.000716410289127569,0.000564636028144684,10.4776728387705,0.000150035029670182,0.000735280661999662,-1
"1","1",200,"logistic",-294.305749499002,4,0.00102754248652499,0.000963353343865653,-309.143514119593,4,0.000643462588410411,0.0011235606595471,14.8377646205906,0.000384079898114577,-0.00016020731568145,0
"1","1",200,"logistic",-293.944172298975,4,0.0010604108163456,0.00319336385205076,-314.843988058116,3,0.000307243156127607,0.000341254668867206,20.8998157591411,0.00075316766021799,0.00285210918318356,1
"1","1",200,"logistic",-377.911993038468,2,0.000555249868146182,0.00214116380221757,-378.77891426678,3,0.000265188276027074,0.000526714965513658,0.866921228312094,0.000290061592119108,0.00161444883670392,-1
"1","1",200,"logistic",-282.236225870099,4,0.00129318323023349,0.00879815309486853,-292.856999945745,3,0.000826129313344408,0.00472029746631427,10.6207740756459,0.000467053916889077,0.00407785562855426,1
"1","1",200,"logistic",-322.3452266377,4,0.000425312910085469,0.000574646496106132,-327.498623269779,3,0.000397566812563521,0.000622810645104334,5.15339663207936,2.77460975219485e-05,-4.81641489982018e-05,1
"1","1",200,"logistic",-316.04948414829,4,0.00120214919093947,0.00488367444518444,-326.128500757474,3,0.000886852065669966,0.00445916760184855,10.0790166091838,0.000315297125269505,0.00042450684333589,1
"1","1",200,"logistic",-305.383130698464,4,0.000673823301555622,0.00694660406331093,-310.712621679079,3,0.000442102452853892,0.00634099548505664,5.32949098061528,0.00023172084870173,0.000605608578254296,1
"1","1",200,"logistic",-296.970160144684,4,0.000599610489729432,0.000531751824351941,-305.79024889672,4,0.000363480717209194,0.000304746585684268,8.82008875203576,0.000236129772520238,0.000227005238667672,0
"1","1",200,"logistic",-301.892442524972,4,0.000414511094506833,0.00151296821441856,-313.301047564663,3,0.000141103522556848,0.000280338629959277,11.4086050396912,0.000273407571949985,0.00123262958445929,1
"1","1",200,"logistic",-329.39461874533,4,0.000532269498363554,0.00115441501160915,-335.019615403278,3,0.000445003032542985,0.000901256975708529,5.62499665794832,8.72664658205685e-05,0.000253158035900623,1
"1","1",200,"logistic",-304.261779214883,4,0.00209951847945767,0.00615820274891499,-314.909530681196,4,0.00158964286053328,0.00387480904579403,10.6477514663131,0.000509875618924393,0.00228339370312096,0
"1","1",200,"logistic",-328.639646527945,2,0.000972719516404592,0.00550136493987226,-341.628374246631,3,0.000337138254452575,0.001879378512446,12.9887277186855,0.000635581261952017,0.00362198642742626,-1
"1","1",200,"logistic",-301.117615730276,2,0.00139725068492824,0.0076929910416693,-323.287643494914,3,0.000393898100986208,0.00208392256511358,22.1700277646376,0.00100335258394204,0.00560906847655572,-1
"1","1",200,"logistic",-279.596884367508,4,0.00109123462293194,0.00192984573070951,-308.380070410833,3,0.000606955481277969,0.000742546732741312,28.7831860433251,0.000484279141653972,0.00118729899796819,1
"1","1",200,"logistic",-312.272021795022,2,0.00123715671056704,0.00317467166454184,-318.754701706034,3,0.000534725529141107,0.00164160696993829,6.48267991101147,0.000702431181425933,0.00153306469460355,-1
"1","1",200,"logistic",-309.957052560343,4,0.0009496523924914,0.00584780861609947,-323.191912996593,3,0.00029017794023744,0.00268015332742423,13.2348604362503,0.000659474452253961,0.00316765528867524,1
"1","1",200,"logistic",-290.102661545022,4,0.00135935767978998,0.00571872069043639,-319.641491068663,3,0.000170328563483641,0.00145746158093142,29.5388295236415,0.00118902911630634,0.00426125910950497,1
"1","1",200,"logistic",-310.580260827153,4,0.000900900935275292,0.00269076990653013,-347.976218468942,3,0.000171961890805254,0.000140765878560028,37.3959576417885,0.000728939044470038,0.0025500040279701,1
"1","1",200,"logistic",-317.780179029283,4,0.000836364829058448,0.00297387046756984,-325.793670927777,3,0.000348175459463373,0.00175657292248847,8.01349189849395,0.000488189369595075,0.00121729754508137,1
"1","1",200,"logistic",-297.463348070982,4,0.00121659992428116,0.00276378052974083,-317.540249403081,3,0.000516996780180627,0.000662736640600073,20.0769013320983,0.000699603144100535,0.00210104388914075,1
"1","1",200,"logistic",-303.248764019513,2,0.000449736056681367,0.000824572952778555,-318.606298883676,3,0.000474809381832257,0.000741131494393755,15.357534864163,-2.50733251508901e-05,8.34414583848001e-05,-1
"1","1",200,"logistic",-307.756430680496,2,0.00119984763102542,0.00378525249310721,-313.87501540647,3,0.000357542885570472,0.00062903748078073,6.11858472597334,0.000842304745454943,0.00315621501232648,-1
"1","1",200,"logistic",-323.009313893488,4,0.000811559667985491,0.0042327053839005,-331.546718822224,3,0.000349965313573004,0.00296874099335367,8.53740492873561,0.000461594354412487,0.00126396439054684,1
"1","1",200,"logistic",-347.486076210467,2,0.000958819232290115,0.00188486132896203,-349.124256403345,2,0.000797379279298172,0.00156855280548633,1.63818019287783,0.000161439952991943,0.000316308523475699,0
"1","1",200,"logistic",-311.484805467784,2,0.00112846544684794,0.00260372626723098,-311.484805467784,2,0.00112846544684795,0.002603726267231,0,-8.89045781438114e-18,-2.47198095326695e-17,0
"1","1",200,"logistic",-293.073271736299,2,0.00093364971970468,0.00152236166493593,-304.774084622856,3,0.000198604665281181,0.000274046717737963,11.7008128865571,0.000735045054423499,0.00124831494719796,-1
"1","1",200,"logistic",-344.759103538893,2,0.000798434639426726,0.00175866798590245,-344.759103538893,2,0.00079843463942673,0.00175866798590244,0,-3.68628738645072e-18,3.90312782094782e-18,0
"1","1",200,"logistic",-252.921757602896,4,0.00191334139930697,0.00369594175555269,-322.721906271972,4,0.000690116144487774,0.000725364994999457,69.8001486690762,0.0012232252548192,0.00297057676055323,0
"1","1",200,"logistic",-333.087314542397,2,0.000533146512634457,0.000879715524745048,-333.087314542397,2,0.000533146512634459,0.000879715524745048,0,-2.05998412772246e-18,-6.50521303491303e-19,0
"1","1",200,"logistic",-319.624326092756,4,0.00190045599479264,0.00580371135575885,-372.663872033864,3,0.00010421665696832,0.000295094401012897,53.0395459411072,0.00179623933782432,0.00550861695474596,1
"1","1",200,"logistic",-326.288275260225,2,0.000829404355682869,0.0025574062198486,-330.417036878397,2,0.000773573619904041,0.00276987583326882,4.12876161817144,5.58307357788278e-05,-0.00021246961342022,0
"1","1",200,"logistic",-307.113258678628,2,0.00155626625404805,0.00417257968178821,-308.34988161257,3,0.000777570374648878,0.00214084194805359,1.2366229339417,0.000778695879399174,0.00203173773373463,-1
"1","1",200,"logistic",-290.824720136319,4,0.00096925629134563,0.00795361154108079,-308.216964776324,3,0.000539636939445547,0.00356683380301298,17.3922446400055,0.000429619351900084,0.00438677773806781,1
"1","1",200,"logistic",-334.054083104035,2,0.000882411697162614,0.00139097705179038,-333.706873120867,2,0.000736943968777488,0.00124093387969718,-0.347209983167318,0.000145467728385125,0.000150043172093207,0
"1","1",200,"logistic",-322.820463172664,2,0.00118013690554872,0.00300610544041154,-335.555297013596,3,0.000447865794253091,0.000893348346787621,12.7348338409319,0.000732271111295631,0.00211275709362392,-1
"1","1",200,"logistic",-303.869104112637,2,0.00129919578099816,0.00291330238786286,-325.750733894539,3,0.000584250057856353,0.000310768210972766,21.8816297819017,0.000714945723141812,0.0026025341768901,-1
"1","1",200,"logistic",-325.609947808618,4,0.00128205652520242,0.0061816693338193,-345.00516448074,3,0.000116813133350233,0.000707881084313083,19.3952166721218,0.00116524339185218,0.00547378824950622,1
"1","1",200,"logistic",-277.394737538658,4,0.0014194903408969,0.0037884381215313,-298.891550017002,3,0.000911774671120364,0.00414351465987117,21.4968124783446,0.000507715669776536,-0.000355076538339868,1
"1","1",200,"logistic",-262.615492874812,2,0.00224948330436774,0.0131839683885087,-286.697179603432,4,0.000373656080656655,0.00139245270734932,24.0816867286203,0.00187582722371109,0.0117915156811594,-2
"1","1",200,"logistic",-270.743520139789,4,0.000932392070958385,0.0012595780077275,-277.714619274222,4,0.000459054153802924,0.000340340290293698,6.97109913443336,0.000473337917155461,0.000919237717433804,0
"1","1",200,"logistic",-330.237738666781,2,0.000816237937587558,0.0018606662082897,-335.22138382595,3,0.000212206466350585,0.000701638835371026,4.98364515916933,0.000604031471236973,0.00115902737291867,-1
"1","1",200,"logistic",-323.537544990989,2,0.00107464382847084,0.0040173852510577,-334.631813506806,3,0.000341200630946724,0.0018170956912597,11.0942685158171,0.000733443197524118,0.002200289559798,-1
"1","1",200,"logistic",-277.787402322516,4,0.000750270129221322,0.00144680130514367,-285.445212824839,4,0.000406159135742225,0.000402052713734785,7.65781050232226,0.000344110993479097,0.00104474859140888,0
"1","1",200,"logistic",-294.731369710928,4,0.00118923353794158,0.00293146606809876,-300.15934195215,3,0.000538360835991065,0.00119226410543625,5.42797224122234,0.000650872701950516,0.00173920196266251,1
"1","1",200,"logistic",-298.907191728714,4,0.000925886241464217,0.00150418661758837,-312.981802206087,3,0.000625822795553506,0.0011265350945267,14.0746104773734,0.000300063445910712,0.000377651523061665,1
"1","1",200,"logistic",-321.308455582747,4,0.000470293361586525,0.000878691125859085,-335.602268777498,3,0.000233554557943759,0.000456769520375378,14.293813194751,0.000236738803642766,0.000421921605483707,1
"1","1",200,"logistic",-346.458974298897,4,0.000562709756995643,0.000827266889323946,-356.576296172724,3,0.000344608203705188,0.000411960412438553,10.1173218738271,0.000218101553290455,0.000415306476885393,1
"1","1",200,"logistic",-297.980144000902,4,0.000921835384625983,0.00082551444129628,-322.029374154411,3,0.000698877763558785,0.00112430867863843,24.0492301535086,0.000222957621067199,-0.000298794237342149,1
"1","1",200,"logistic",-338.841371443209,4,0.000751516587030233,0.0016122705486544,-362.763659219036,3,0.000201519959411789,0.000371071745446552,23.9222877758277,0.000549996627618444,0.00124119880320785,1
"1","1",200,"logistic",-331.079117158615,2,0.000684666493090074,0.000633436309309457,-331.1520312186,3,0.000538329345501404,0.000574943543978066,0.0729140599849529,0.00014633714758867,5.84927653313909e-05,-1
"1","1",200,"logistic",-290.996867231755,2,0.00142517021145942,0.00448235798008158,-291.082880997762,4,0.000537347707623369,0.00212829421638423,0.0860137660074543,0.000887822503836055,0.00235406376369734,-2
"1","1",200,"logistic",-333.040863078568,2,0.00146285236957504,0.00375504357213514,-349.376812550158,4,0.000480362735451005,0.00227916603719582,16.3359494715898,0.000982489634124038,0.00147587753493932,-2
"1","1",200,"logistic",-289.723518240745,4,0.00139857441547636,0.00454991008974897,-302.954244065235,3,0.000480270448578158,0.00173621729758463,13.2307258244898,0.000918303966898197,0.00281369279216434,1
"1","1",200,"logistic",-335.093200638807,2,0.000485797132721802,0.000866007558529547,-339.928416637547,2,0.000554109548739225,0.00138950427678018,4.83521599873995,-6.83124160174228e-05,-0.000523496718250631,0
"1","1",200,"logistic",-357.043843060343,2,0.000349951263259474,0.0022435444644718,-361.755523319856,3,0.000196843256577794,0.00156648743727971,4.71168025951295,0.000153108006681681,0.000677057027192093,-1
"1","1",200,"logistic",-321.442579373056,2,0.000939252962291433,0.00307173090272042,-335.668266449946,3,0.000267026974324177,0.000556705352820151,14.2256870768909,0.000672225987967256,0.00251502554990027,-1
"1","1",200,"logistic",-315.836729943194,4,0.000700564991182676,0.00131901592354441,-320.51222930507,4,0.00054108697698425,0.00114544349715543,4.67549936187618,0.000159478014198426,0.000173572426388983,0
"1","1",200,"logistic",-309.360822900043,2,0.000758803830095237,0.000806750412945188,-309.360822900043,2,0.000758803830095246,0.000806750412945195,-1.13686837721616e-13,-8.89045781438114e-18,-7.04731412115578e-18,0
"1","1",200,"logistic",-288.037925007431,4,0.00118971700807959,0.00355079498609466,-304.868055067983,3,0.000345955856947076,0.00130960508747082,16.8301300605524,0.000843761151132513,0.00224118989862384,1
"1","1",200,"logistic",-330.219701143775,2,0.000573717679191167,0.0014342177591714,-331.18725747004,2,0.000526428212198733,0.00136996208979576,0.967556326264685,4.72894669924343e-05,6.42556693756454e-05,0
"1","1",200,"logistic",-298.514581243671,4,0.000599924343442453,0.000668197584064909,-318.524757442714,3,0.000351072798447642,0.000245262370859327,20.0101761990431,0.000248851544994811,0.000422935213205582,1
"1","1",200,"logistic",-290.614351420557,4,0.00184634135635518,0.0041124559599423,-325.256242967627,3,0.000213870330129482,0.00058759481138643,34.6418915470698,0.0016324710262257,0.00352486114855587,1
"1","1",200,"logistic",-341.069409720045,3,0.000737989225816952,0.00158607085124945,-343.890753441437,3,0.000650261026131901,0.000704419292119409,2.82134372139137,8.77281996850514e-05,0.000881651559130038,0
"1","1",200,"logistic",-313.244933772719,4,0.000533841550530661,0.000626526363668908,-325.288413269279,4,0.000423378181017847,0.000424854474940629,12.0434794965602,0.000110463369512814,0.000201671888728279,0
"1","1",200,"logistic",-294.643833118971,2,0.00045610697235777,0.000974033596401836,-298.134489232582,3,0.000123820283015867,0.000116049745296598,3.49065611361141,0.000332286689341903,0.000857983851105238,-1
"1","1",200,"logistic",-326.958637333661,4,0.00108088898137944,0.00506107514187466,-352.050316477597,4,0.000262987195095356,0.00109632890536675,25.0916791439362,0.000817901786284083,0.00396474623650791,0
"1","1",200,"logistic",-328.260239641785,4,0.000493979366133871,0.00111546811421283,-339.786044332433,3,0.000191709540979353,0.000425092927405043,11.5258046906484,0.000302269825154519,0.000690375186807787,1
"1","1",200,"logistic",-277.413907523566,4,0.00133682051022184,0.00306061685445221,-317.507128450339,4,0.000277809613020841,0.000760832709965752,40.0932209267732,0.001059010897201,0.00229978414448646,0
"1","1",200,"logistic",-340.090178773993,4,0.000991849178859303,0.00259091883186449,-355.337366394635,3,0.000316096202823952,0.00167140714826929,15.2471876206415,0.000675752976035351,0.000919511683595206,1
"1","1",200,"logistic",-302.805530862254,4,0.00100111014842653,0.0015736947048671,-320.522533545799,3,0.000470111759444721,0.000446139100643985,17.7170026835452,0.000530998388981812,0.00112755560422311,1
"1","1",200,"logistic",-316.731327747406,2,0.000515737061233143,0.000842991802966164,-322.079920990458,3,0.000461608843790764,0.000548884991420358,5.34859324305177,5.41282174423794e-05,0.000294106811545806,-1
"1","1",200,"logistic",-286.230117179407,4,0.000664337450204925,0.00202810975906392,-303.361022766559,4,0.00055529697917976,0.000745072083771336,17.1309055871523,0.000109040471025166,0.00128303767529258,0
"1","1",200,"logistic",-345.47272284582,4,0.000696689968433528,0.00251270071847504,-355.050392750714,4,0.000366587372954798,0.000942634735866028,9.57766990489455,0.000330102595478731,0.00157006598260902,0
"1","1",200,"logistic",-311.874947083408,2,0.000776140230003099,0.003652379082676,-320.820194505096,3,0.000165242505036676,0.000182887828574271,8.94524742168807,0.000610897724966423,0.00346949125410173,-1
"1","1",200,"logistic",-319.041886715557,2,0.00102585520429588,0.00182511429152062,-326.707062112728,3,0.000355395932999566,0.000565811756449383,7.66517539717165,0.000670459271296314,0.00125930253507124,-1
"1","1",200,"logistic",-332.613465025331,2,0.00160434668126449,0.0043362121493983,-346.125973616788,3,0.000491506095389554,0.000739298651530805,13.5125085914573,0.00111284058587493,0.00359691349786749,-1
"1","1",200,"logistic",-337.986786411787,4,0.00122862232274538,0.00931967755114181,-348.891920027882,3,0.000867645602562559,0.00735966710703842,10.9051336160947,0.000360976720182821,0.00196001044410339,1
"1","1",200,"logistic",-302.80507430461,2,0.00126453755880642,0.00336851012731679,-310.026728312721,3,0.000211780185878205,0.000514846972560693,7.22165400811127,0.00105275737292822,0.0028536631547561,-1
"1","1",200,"logistic",-298.533360321142,2,0.00065759278086956,0.00157131637789395,-316.785641936687,3,0.000375281563512476,0.000653073112304983,18.2522816155453,0.000282311217357084,0.000918243265588965,-1
"1","1",200,"logistic",-342.88822659279,2,0.000677191917930916,0.00215232965970869,-345.891677637417,3,0.000484037725529866,0.00105467205665415,3.00345104462707,0.00019315419240105,0.00109765760305453,-1
"1","1",200,"logistic",-334.492341483925,4,0.00118834298216104,0.00425470743241764,-351.59116498539,3,0.000775759280054341,0.00308918147673349,17.0988235014659,0.000412583702106704,0.00116552595568415,1
"1","1",200,"logistic",-284.138548558509,4,0.00161317506586093,0.00911367900658251,-312.282286655521,3,0.000300816170213427,0.00300929710438974,28.1437380970117,0.00131235889564751,0.00610438190219277,1
"1","1",200,"logistic",-321.478214580976,4,0.000683801955993392,0.00195677026165977,-329.130428204235,4,0.00037316527774673,0.000823642696646785,7.65221362325934,0.000310636678246662,0.00113312756501299,0
"1","1",200,"logistic",-321.150906424094,2,0.00064133274056393,0.00213831005832966,-322.532719439018,2,0.000634223173233546,0.00189271255729574,1.3818130149233,7.10956733038367e-06,0.00024559750103392,0
"1","1",200,"logistic",-365.83614817723,4,0.000766468664180805,0.00171793669050556,-390.68465839238,4,0.000370999173147941,0.000436546073076008,24.8485102151499,0.000395469491032864,0.00128139061742956,0
"1","1",200,"logistic",-292.804248885315,4,0.00107577440500178,0.00537176506079637,-330.264915703564,3,0.000284497021989492,0.00258686043745901,37.4606668182491,0.000791277383012293,0.00278490462333736,1
"1","1",200,"logistic",-307.07506821746,2,0.000800535132243748,0.00227626216221719,-306.546592999475,3,0.000836339889079759,0.00225925493336544,-0.528475217984294,-3.58047568360106e-05,1.70072288517482e-05,-1
"1","1",200,"logistic",-333.500329621851,2,0.00043856265859965,0.0007424167094345,-345.902092974366,3,0.000162382151734407,0.000347665367048559,12.401763352515,0.000276180506865243,0.000394751342385942,-1
"1","1",200,"logistic",-286.173594094996,3,0.00162133306238939,0.00295189277278556,-291.861545413277,3,0.00116617585459078,0.00163272482284674,5.68795131828091,0.000455157207798609,0.00131916794993883,0
"1","1",200,"logistic",-304.789387848265,2,0.000491799592873745,0.0020686137374133,-307.934683830906,4,0.00023232891701916,0.000485848565494366,3.14529598264016,0.000259470675854585,0.00158276517191894,-2
"1","1",200,"logistic",-289.793499130036,2,0.000381835084486484,0.000422720201438071,-293.526529438193,2,0.000319572176457619,0.000437422632736846,3.7330303081568,6.22629080288652e-05,-1.4702431298775e-05,0
"1","1",200,"logistic",-299.197963284896,2,0.00119483423736791,0.00495972282027669,-307.923749313175,3,0.000306261016679546,0.00170038776036154,8.72578602827849,0.000888573220688366,0.00325933505991515,-1
"1","1",200,"logistic",-330.784150278984,2,0.000611569700485984,0.00167777780023028,-330.784150278984,2,0.000611569700485974,0.0016777778002303,-1.13686837721616e-13,1.01915004213637e-17,-2.66713734431434e-17,0
"1","1",200,"logistic",-315.353521517495,2,0.00120719695246928,0.004335210950019,-338.240570511026,3,0.000279514727444075,0.000307268333075887,22.8870489935305,0.000927682225025204,0.00402794261694312,-1
"1","1",200,"logistic",-288.987060556702,2,0.00106629044314902,0.00702067808443304,-296.488210710498,3,0.000396921944645067,0.000674987856628076,7.50115015379617,0.000669368498503953,0.00634569022780496,-1
"1","1",200,"logistic",-347.981037957643,2,0.000528834280150379,0.000975002557162726,-356.347393573045,3,0.000107092829464221,0.000144847211540051,8.36635561540243,0.000421741450686158,0.000830155345622675,-1
"1","1",200,"logistic",-328.923046144034,4,0.000568577192170268,0.00242383900372286,-341.11971520894,3,0.000136038376785938,0.000655723197461726,12.1966690649055,0.00043253881538433,0.00176811580626113,1
"1","1",200,"logistic",-304.13605237272,2,0.000865833034772051,0.0012195869129186,-305.048153096008,3,0.000402354599539311,0.00078891729598674,0.912100723287608,0.00046347843523274,0.000430669616931857,-1
"1","1",200,"logistic",-327.542803580101,2,0.00142160750696535,0.00246540867916745,-328.364582487806,3,0.000834464603023055,0.000684820414819159,0.821778907705379,0.000587142903942296,0.00178058826434829,-1
"1","1",200,"logistic",-317.07084399066,2,0.00143125377021308,0.00623840567717973,-328.541360385595,3,0.000275472838206364,0.00158134227384479,11.4705163949349,0.00115578093200671,0.00465706340333493,-1
"1","1",200,"logistic",-282.04690868648,2,0.00157795725999481,0.00773942888392161,-290.636079030206,3,0.00109486600747774,0.00235438204080588,8.58917034372553,0.000483091252517073,0.00538504684311574,-1
"1","1",200,"logistic",-302.718185098307,4,0.00117613171438639,0.00321328145389488,-340.940274887609,3,0.000428461733584155,0.000506430804628114,38.2220897893024,0.000747669980802238,0.00270685064926676,1
"1","1",200,"logistic",-270.765005120548,4,0.00134880426428473,0.00686117888600894,-283.848278301736,3,0.000741794902546896,0.00383293695584224,13.0832731811885,0.000607009361737838,0.00302824193016669,1
"1","1",200,"logistic",-311.597854692321,4,0.000696641098578239,0.000761789233016677,-329.884562103223,3,0.000328671677076916,0.000670739541489337,18.2867074109012,0.000367969421501323,9.10496915273408e-05,1
"1","1",200,"logistic",-316.060106914571,4,0.00173167043296262,0.0052291952867101,-341.841288161203,3,0.000341709032394842,0.000888291420249323,25.7811812466319,0.00138996140056778,0.00434090386646078,1
"1","1",200,"logistic",-302.971923392909,3,0.000833291861963009,0.00664934251080884,-309.884522508392,4,0.000415771272935153,0.00266427137729838,6.91259911548337,0.000417520589027856,0.00398507113351045,-1
"1","1",200,"logistic",-341.782268704178,2,0.00100877276630297,0.00400849961554703,-341.016832013722,4,0.000558113920597457,0.00143433410758338,-0.765436690456454,0.000450658845705512,0.00257416550796365,-2
"1","1",200,"logistic",-302.939229925208,2,0.00173339016819286,0.0137984236818325,-315.362120317605,3,0.000453574444153785,0.00271196557180953,12.4228903923964,0.00127981572403908,0.0110864581100229,-1
"1","1",200,"logistic",-305.199973509471,4,0.000860256354374673,0.00418630425538402,-331.352387286849,3,0.000432707647983248,0.00186237149148555,26.1524137773782,0.000427548706391425,0.00232393276389847,1
"1","1",200,"logistic",-341.192337149492,4,0.0011629738408011,0.000686388053616176,-351.132637788149,3,0.000694189236486993,0.000672741593657258,9.94030063865631,0.000468784604314104,1.36464599589179e-05,1
"1","1",200,"logistic",-324.284139177817,4,0.00117009129490061,0.00359736902768274,-330.255116535374,4,0.000669207675704891,0.0020994470640509,5.97097735755699,0.000500883619195715,0.00149792196363184,0
"1","1",200,"logistic",-343.004681481642,4,0.000663327873622685,0.00202656245376105,-350.548912222758,4,0.000395085789747888,0.000994792725018488,7.54423074111605,0.000268242083874797,0.00103176972874256,0
"1","1",200,"logistic",-292.295871686057,2,0.00128128520155962,0.00707918421805256,-292.871122636531,3,0.000701546502057707,0.0041367629061864,0.575250950474526,0.000579738699501916,0.00294242131186616,-1
"1","1",200,"logistic",-285.268395594118,4,0.000697752960830704,0.00123826508514747,-292.773316870578,3,0.000312294528137221,0.000589756000861419,7.50492127646027,0.000385458432693483,0.000648509084286054,1
"1","1",200,"logistic",-331.181312972824,3,0.000462535734956602,0.00148876770742972,-336.389092455139,2,0.000470117343809136,0.00154551484110895,5.20777948231529,-7.58160885253392e-06,-5.67471336792309e-05,1
"1","1",200,"logistic",-319.674028521394,2,0.000387104655744898,0.00075419942544414,-320.822903869626,4,0.000178839725986881,0.000361699159707949,1.14887534823242,0.000208264929758017,0.000392500265736191,-2
"1","1",200,"logistic",-336.735906710491,4,0.00158123819555726,0.00253986211675815,-339.365507122432,4,0.00117327738776262,0.00179696203638129,2.62960041194179,0.000407960807794638,0.000742900080376862,0
"1","1",200,"logistic",-331.46302547944,2,0.000773303634759689,0.00157956894395642,-338.95575958975,3,0.000339902412206778,0.00053084079285656,7.49273411030958,0.000433401222552911,0.00104872815109986,-1
"1","1",200,"logistic",-321.70120819148,2,0.000665710201992666,0.00141122848935612,-324.17362915956,3,0.000385813243521492,0.000609159515957546,2.47242096808003,0.000279896958471174,0.000802068973398569,-1
"1","1",200,"logistic",-307.797565575122,2,0.00141866452606688,0.00188516893396784,-317.416233357289,4,0.000843896486648493,0.00174660499542759,9.61866778216705,0.000574768039418383,0.000138563938540244,-2
"1","1",200,"logistic",-331.250528748104,4,0.000506255524493017,0.000725666365771197,-334.217630526586,4,0.000431438833220696,0.000569141748181508,2.967101778482,7.48166912723213e-05,0.00015652461758969,0
"1","1",200,"logistic",-290.695798076267,2,0.00135418756546708,0.00390417102274907,-291.627964416794,3,0.000993495785955379,0.0018090320922082,0.932166340526919,0.000360691779511696,0.00209513893054087,-1
"1","1",200,"logistic",-336.023765832435,4,0.0010206103188693,0.00860133787832026,-357.007406582851,3,0.000420535834023556,0.00515655612213728,20.9836407504163,0.000600074484845747,0.00344478175618298,1
"1","1",200,"logistic",-315.815184300469,4,0.000696989137616968,0.00113384073921326,-321.558850871422,3,0.000422581406436514,0.00132530816220433,5.74366657095328,0.000274407731180454,-0.000191467422991068,1
"1","1",200,"logistic",-330.8881312668,2,0.000771249507915183,0.00103702195882326,-337.134842835651,3,0.000271680388656839,0.000664107520956879,6.24671156885097,0.000499569119258344,0.000372914437866379,-1
"1","1",200,"logistic",-303.087126173815,2,0.00168316867400798,0.00652496593690287,-316.824523873795,3,0.000273434695694397,0.00061109742814648,13.7373976999795,0.00140973397831358,0.00591386850875639,-1
"1","1",200,"logistic",-292.699178224557,4,0.000766594771609932,0.000785542499328188,-299.213433450992,3,0.000433216041096205,0.000691061394893044,6.51425522643524,0.000333378730513728,9.44811044351447e-05,1
"1","1",200,"logistic",-344.126619547541,4,0.000493084114771399,0.0018072129329159,-351.920353905574,3,0.000305999752559022,0.000625477883038323,7.79373435803285,0.000187084362212377,0.00118173504987757,1
"1","1",200,"logistic",-299.082428993169,2,0.000702137097416229,0.00153983486369441,-308.661470566502,3,9.13327817128315e-05,0.000170403249696854,9.57904157333263,0.000610804315703397,0.00136943161399756,-1
"1","1",200,"logistic",-327.936868067241,4,0.000578769227979982,0.00165168429000588,-334.060089038069,4,0.000351105810141422,0.000561085911084982,6.12322097082779,0.000227663417838561,0.0010905983789209,0
"1","1",200,"logistic",-291.225306543534,4,0.00138355776969088,0.00953340029046071,-312.607511239327,4,0.0005274666215287,0.00441126848214774,21.3822046957924,0.000856091148162181,0.00512213180831297,0
"1","1",200,"logistic",-333.319021507541,2,0.00085928918133615,0.00117815323695384,-342.62438388223,4,0.000307057046785424,0.000354876831713634,9.30536237468897,0.000552232134550726,0.000823276405240209,-2
"1","1",200,"logistic",-294.496576845012,4,0.000901669789162645,0.00251554510179258,-316.330177812997,3,0.000188959992188579,0.000631560737684843,21.8336009679855,0.000712709796974066,0.00188398436410773,1
"1","1",200,"logistic",-304.728534021136,2,0.000690852740915918,0.00301296875680907,-310.045487338285,3,0.000346691502403483,0.000927965231054727,5.31695331714894,0.000344161238512435,0.00208500352575435,-1
"1","1",200,"logistic",-343.151746278691,2,0.00111267791062102,0.00131616684408342,-362.008348815468,3,0.000645702798972936,0.00115153635774495,18.8566025367767,0.000466975111648081,0.000164630486338469,-1
"1","1",200,"logistic",-285.469519966219,4,0.00134260827878919,0.00353171231131974,-314.990014653129,4,0.000502956727777653,0.00135942125985647,29.5204946869104,0.000839651551011541,0.00217229105146327,0
"1","1",200,"logistic",-340.318047052572,2,0.000772446446756021,0.00268094394148942,-343.471335647578,3,0.000193825509333904,0.000856492498004259,3.15328859500613,0.000578620937422116,0.00182445144348516,-1
"1","1",200,"logistic",-290.092066955856,2,0.0014197106594307,0.00584216424228816,-317.43798788869,3,0.000129636988309355,0.0003213243204916,27.3459209328337,0.00129007367112135,0.00552083992179656,-1
"1","1",200,"logistic",-303.668015915723,4,0.000707418757518833,0.00140193925598306,-321.036955861944,3,0.000183994173714087,0.00013063781146104,17.3689399462216,0.000523424583804745,0.00127130144452202,1
"1","1",200,"logistic",-270.491584668806,2,0.00114125232995279,0.00413738825391881,-288.334702424137,3,0.000383656638943491,0.00134362519038049,17.8431177553308,0.000757595691009296,0.00279376306353832,-1
"1","1",200,"logistic",-303.663894787689,4,0.00110690674179344,0.00247691841347659,-322.723592373175,3,0.000331278904941177,0.00164825609916107,19.0596975854867,0.000775627836852266,0.000828662314315526,1
"1","1",200,"logistic",-315.08530512031,4,0.000561215903670005,0.000790890579345103,-325.322930118892,3,0.000273245185555104,0.000229613790335825,10.2376249985821,0.000287970718114902,0.000561276789009278,1
"1","1",200,"logistic",-324.86906546154,2,0.00075293743335734,0.00174877799301245,-331.60098060895,3,0.000499274275502064,0.000598019344933667,6.73191514740995,0.000253663157855276,0.00115075864807878,-1
"1","1",200,"logistic",-340.383314531528,2,0.00146907946203769,0.00357001834754928,-342.48790407483,3,0.0005775980875306,0.00155430383667896,2.10458954330267,0.000891481374507092,0.00201571451087031,-1
"1","1",200,"logistic",-318.524175506345,2,0.000821855159171113,0.00101509139238502,-322.53844872637,3,0.000450914427962453,0.000551845348817208,4.01427322002513,0.00037094073120866,0.000463246043567809,-1
"1","1",200,"logistic",-342.641419187114,4,0.00103975046514592,0.0018686065333675,-350.815732659801,4,0.000592972798215813,0.000665914146392068,8.17431347268683,0.000446777666930111,0.00120269238697543,0
"1","1",200,"logistic",-311.266516587489,4,0.000613052190043647,0.00215981141138285,-322.023051561365,3,0.000368237181759036,0.00153224183774235,10.7565349738759,0.000244815008284611,0.0006275695736405,1
"1","1",200,"logistic",-290.448222926014,4,0.000719454737695363,0.0036675912381861,-299.183973097879,3,0.00039158612162215,0.00174070362451405,8.73575017186494,0.000327868616073213,0.00192688761367205,1
"1","1",200,"logistic",-330.158163820073,2,0.000744611175572507,0.00294261440607274,-330.164655771716,3,0.000254868536703591,0.00077312274341815,0.0064919516433406,0.000489742638868916,0.00216949166265459,-1
"1","1",200,"logistic",-318.698016097669,2,0.000523983888665337,0.000595929101303394,-318.698016097669,2,0.000523983888665334,0.000595929101303396,-1.13686837721616e-13,2.16840434497101e-18,-1.51788304147971e-18,0
"1","1",200,"logistic",-283.879717580194,2,0.00207271704190143,0.00834119689876166,-302.127831024526,4,0.000517583271146714,0.00110877825505921,18.2481134443312,0.00155513377075472,0.00723241864370245,-2
"1","1",200,"logistic",-304.72978305931,4,0.0016663427593187,0.00566086982765801,-309.737993099194,4,0.00107446593893856,0.00406281444636684,5.00821003988341,0.000591876820380138,0.00159805538129117,0
